id_1,id_2,similarity
b00009vrfk,http://www.google.com/base/feeds/snippets/12049235575237146821,0.9647823911955982
b000hysu2y,http://www.google.com/base/feeds/snippets/18409957880168870961,0.9614668882176661
b000fbk6gc,http://www.google.com/base/feeds/snippets/18446612824766852081,0.9531523218750546
b000t9luce,http://www.google.com/base/feeds/snippets/18388359068656820969,0.9518035509635998
b000gaoo7y,http://www.google.com/base/feeds/snippets/18384280629938052082,0.9509841215209869
b000ayfpkq,http://www.google.com/base/feeds/snippets/12780505155276594892,0.9507977444809892
b000p4v8am,http://www.google.com/base/feeds/snippets/17411076438303340250,0.9506266869250597
b0007g9760,http://www.google.com/base/feeds/snippets/11567429261409321598,0.9496482043416757
b000ro5o78,http://www.google.com/base/feeds/snippets/18370662348326877910,0.9483033981987519
b000hbxjxc,http://www.google.com/base/feeds/snippets/11125907881740407428,0.9470485585849818
b000ibfix0,http://www.google.com/base/feeds/snippets/11644373176556982932,0.9448621553884714
b000b45pkk,http://www.google.com/base/feeds/snippets/9803504071402999218,0.9448621553884713
b000e0tcj6,http://www.google.com/base/feeds/snippets/12583145395024390893,0.9431683109148574
b00009adf3,http://www.google.com/base/feeds/snippets/10843999530069218918,0.9429355444050943
b000gsa7wc,http://www.google.com/base/feeds/snippets/9386459009047752378,0.942383140211332
b000hlt5hq,http://www.google.com/base/feeds/snippets/14850746046276671647,0.9421222821120069
b00030fsyk,http://www.google.com/base/feeds/snippets/9843714299914050934,0.942113675585236
b00069e7ko,http://www.google.com/base/feeds/snippets/13726998241496860922,0.9419743778541209
b00083grii,http://www.google.com/base/feeds/snippets/13276293278980872969,0.9413282729505975
b0002667rc,http://www.google.com/base/feeds/snippets/10995621697768374915,0.9407810036028859
b000gkshi6,http://www.google.com/base/feeds/snippets/14174433007580264947,0.9396738528840446
b000fu3dn6,http://www.google.com/base/feeds/snippets/10933188323488204533,0.9387040707781138
b000byr41s,http://www.google.com/base/feeds/snippets/15073619810931989068,0.9367495094325369
b00070j14y,http://www.google.com/base/feeds/snippets/12598805267732599375,0.9359359359359362
b000axs7vg,http://www.google.com/base/feeds/snippets/10652699125779985481,0.9358717434869743
b00009apiu,http://www.google.com/base/feeds/snippets/15486017920946935068,0.9349695091724051
b000aa878m,http://www.google.com/base/feeds/snippets/16354170032183470835,0.9349472966532851
b0003517ls,http://www.google.com/base/feeds/snippets/11976142486373245711,0.9341022701345988
b000ic4f1u,http://www.google.com/base/feeds/snippets/10023413211060238963,0.9331340096649189
b000ggmbhi,http://www.google.com/base/feeds/snippets/13635233890006695775,0.9324911952712178
b000kg86b4,http://www.google.com/base/feeds/snippets/18360175926672582960,0.9302289220790243
b000ema3zq,http://www.google.com/base/feeds/snippets/11599304001520708679,0.9294398451732377
b000exu9ay,http://www.google.com/base/feeds/snippets/18430618972729825710,0.9288696879890121
b000e0f3yo,http://www.google.com/base/feeds/snippets/10305340032656039276,0.9275187969924815
b000pgq8sm,http://www.google.com/base/feeds/snippets/8648200549603855201,0.9268488817930838
b000pgs3cq,http://www.google.com/base/feeds/snippets/5631550280326312479,0.9255721549446779
b0000ycfdg,http://www.google.com/base/feeds/snippets/13728717906019565465,0.9244813416748152
b000bndghk,http://www.google.com/base/feeds/snippets/18427441766979913551,0.9230058456138605
b000o24l3q,http://www.google.com/base/feeds/snippets/5181661570525386541,0.9226638649118638
b000ofnrhy,http://www.google.com/base/feeds/snippets/9526578983773698753,0.9225706588882421
b000ro5o7s,http://www.google.com/base/feeds/snippets/12991998923940483779,0.9202973906670302
b000f6ws54,http://www.google.com/base/feeds/snippets/13704505045182265069,0.9202929497351614
b000i7zabo,http://www.google.com/base/feeds/snippets/17479437813216357894,0.9186851805445226
b0008ews6w,http://www.google.com/base/feeds/snippets/11041238021562109147,0.9186575086106372
b000hlt4y0,http://www.google.com/base/feeds/snippets/18368153783802816439,0.9184709379069302
b0006ni698,http://www.google.com/base/feeds/snippets/11865417944403325412,0.9183105493550479
b000056b62,http://www.google.com/base/feeds/snippets/18446496383812786183,0.9168170315207635
b0002qnd2y,http://www.google.com/base/feeds/snippets/975032998818002648,0.9160556670889844
b000enucs8,http://www.google.com/base/feeds/snippets/4968803125750101769,0.9155774458032767
b000o27t8a,http://www.google.com/base/feeds/snippets/18195626752396679157,0.9153143896306808
b000ndib8m,http://www.google.com/base/feeds/snippets/10834301366840736522,0.914138604598495
b00029bosq,http://www.google.com/base/feeds/snippets/10898705926445837951,0.9130296678601006
b0008glgrm,http://www.google.com/base/feeds/snippets/4178014773187756948,0.9121406089597457
b0008glgmc,http://www.google.com/base/feeds/snippets/11641601394104549163,0.9107151460345315
b000ivkrww,http://www.google.com/base/feeds/snippets/18393792313881524360,0.9099280591403823
b000068xo6,http://www.google.com/base/feeds/snippets/13369356481632433699,0.9093676194607526
b0008glghc,http://www.google.com/base/feeds/snippets/2838840999646798655,0.9090209108824923
b000o26lo8,http://www.google.com/base/feeds/snippets/7972469902462196789,0.9078896652470924
b000oftj8u,http://www.google.com/base/feeds/snippets/4224056639442959853,0.9078847578728021
b0009i9tqy,http://www.google.com/base/feeds/snippets/12306142837405920435,0.9068211554764103
b000o27rgy,http://www.google.com/base/feeds/snippets/9043771553757075875,0.9067815071641092
b00070j13a,http://www.google.com/base/feeds/snippets/9454895680807991662,0.9065291389437785
b000fdetx6,http://www.google.com/base/feeds/snippets/4635585281695496952,0.9052383758018672
b000bx24o6,http://www.google.com/base/feeds/snippets/14415907760923977024,0.9049382478958337
b000bgtvbc,http://www.google.com/base/feeds/snippets/15661314377252665074,0.9046821600884737
b000s5x3q0,http://www.google.com/base/feeds/snippets/17919905528679711200,0.9039384338912724
b000gs9tq2,http://www.google.com/base/feeds/snippets/10192871543291254639,0.9029453525922788
b000o39u3q,http://www.google.com/base/feeds/snippets/18386729116244999637,0.9027070529460987
b000aly75i,http://www.google.com/base/feeds/snippets/18391095906680955632,0.9009436229755716
b000pgvk5s,http://www.google.com/base/feeds/snippets/3286136250930686353,0.9008976824403019
b000bwzxk4,http://www.google.com/base/feeds/snippets/8498979351589060419,0.9008297944436723
b000g1gaac,http://www.google.com/base/feeds/snippets/9768782377184528743,0.9008170308704537
b0002664gq,http://www.google.com/base/feeds/snippets/11869606589747761538,0.9004680028156271
b0000yebre,http://www.google.com/base/feeds/snippets/4921806606938865897,0.9001301146484166
b000ndid4y,http://www.google.com/base/feeds/snippets/14736350815466474940,0.9001139470822157
b000nknb26,http://www.google.com/base/feeds/snippets/18407763828897928168,0.9
b000lu89yi,http://www.google.com/base/feeds/snippets/17688197440309069858,0.8999199839967994
b000qgixde,http://www.google.com/base/feeds/snippets/18360307000127444765,0.8994231342146667
b000ap0h94,http://www.google.com/base/feeds/snippets/7651654029530591686,0.8980084620778556
b000bx0006,http://www.google.com/base/feeds/snippets/17214545032473425136,0.8977259970869639
b000ias0i6,http://www.google.com/base/feeds/snippets/11194384748675552467,0.8973648664045948
b0001gu7di,http://www.google.com/base/feeds/snippets/1035187390817409083,0.8956070204310025
b000h229hi,http://www.google.com/base/feeds/snippets/10469754902338981968,0.895253045103169
b000h25yse,http://www.google.com/base/feeds/snippets/10513395995817997188,0.8949909370080821
b000ro7h3w,http://www.google.com/base/feeds/snippets/18353566070605982375,0.8939179584554795
b000ej9w0q,http://www.google.com/base/feeds/snippets/10299611596430222322,0.8932287507410039
b000hctyto,http://www.google.com/base/feeds/snippets/18372639879402584134,0.8931994161051969
b000flcn40,http://www.google.com/base/feeds/snippets/11305609082663670615,0.8931748278035607
b0002667o0,http://www.google.com/base/feeds/snippets/9938979900399241153,0.8909247722523456
b000fa5ens,http://www.google.com/base/feeds/snippets/18384136689746651786,0.8906920090090261
b0008ewsai,http://www.google.com/base/feeds/snippets/10066664236286478958,0.8894229048448408
b000ap41x2,http://www.google.com/base/feeds/snippets/12295157042839457732,0.8893261088352481
b000ezp0n8,http://www.google.com/base/feeds/snippets/17907379108807127194,0.8891821819954278
b000ezmxz6,http://www.google.com/base/feeds/snippets/18127050167172376780,0.8890759640428574
b000bi8m2e,http://www.google.com/base/feeds/snippets/9000601847258285543,0.8883760331129003
b00024yohy,http://www.google.com/base/feeds/snippets/9205821354688722990,0.8880205986278492
b000v7vz1u,http://www.google.com/base/feeds/snippets/17615743519264436737,0.8875907257424407
b000dz964i,http://www.google.com/base/feeds/snippets/18379602755577753525,0.8869685208355225
b000icpcxa,http://www.google.com/base/feeds/snippets/11612522455757531502,0.8845306854450818
b000ea9u2a,http://www.google.com/base/feeds/snippets/11826796220164615935,0.8845171390405635
b000ndibnc,http://www.google.com/base/feeds/snippets/13621056199586324139,0.8841750674711265
b000qjrska,http://www.google.com/base/feeds/snippets/18371727039035112852,0.8833277759253086
b000n5meva,http://www.google.com/base/feeds/snippets/4282890852330556387,0.8833263859941642
b000etyt5o,http://www.google.com/base/feeds/snippets/13665841494141374823,0.8831677050750948
b0000y7wck,http://www.google.com/base/feeds/snippets/18395209041486825295,0.8830688684857516
b000ap422c,http://www.google.com/base/feeds/snippets/15918748426604243470,0.8824902615877093
b000ndibaa,http://www.google.com/base/feeds/snippets/3285016045940957596,0.8814104858619476
b000053f92,http://www.google.com/base/feeds/snippets/9814257640405704198,0.8814046306704008
b00004wi4b,http://www.google.com/base/feeds/snippets/12764063569426395567,0.8810021548188283
b000ndibbo,http://www.google.com/base/feeds/snippets/16934204320953872944,0.8801789842499663
b0000691kc,http://www.google.com/base/feeds/snippets/10510400604129253122,0.8799090910408908
b000ap2wyw,http://www.google.com/base/feeds/snippets/2622452102774676117,0.8795397698849425
b000buqo9a,http://www.google.com/base/feeds/snippets/12604725900103506627,0.8790639560018749
b000he4riu,http://www.google.com/base/feeds/snippets/12068923163500219493,0.8787754960254546
b00005ljem,http://www.google.com/base/feeds/snippets/12349466713769759720,0.8784126590654293
b000t53788,http://www.google.com/base/feeds/snippets/18388829675891326365,0.8780398840412331
b000frs438,http://www.google.com/base/feeds/snippets/16940097910559500208,0.8777616429408314
b00030iej6,http://www.google.com/base/feeds/snippets/7742313617688572944,0.8776560408401455
b00009apn8,http://www.google.com/base/feeds/snippets/17298617365180292947,0.8774585686013909
b00005v55b,http://www.google.com/base/feeds/snippets/12732181672723754930,0.8767333578073306
b000bnb72g,http://www.google.com/base/feeds/snippets/17010841797296818807,0.8765311870221929
b000068u3h,http://www.google.com/base/feeds/snippets/10902155796053790562,0.876372536380226
b000dinb4g,http://www.google.com/base/feeds/snippets/18414778073602422524,0.8763527712032442
b000fn6c2c,http://www.google.com/base/feeds/snippets/12289779973162323027,0.8756466473556364
b0007lw23a,http://www.google.com/base/feeds/snippets/9643223122893875320,0.8754831532618169
b000aoz7fo,http://www.google.com/base/feeds/snippets/11345298028198994682,0.8746789090310807
b000hctysa,http://www.google.com/base/feeds/snippets/11246077198585695109,0.8742019080184588
b0002h6x34,http://www.google.com/base/feeds/snippets/4823291609006887387,0.8732628617433777
b000frttvy,http://www.google.com/base/feeds/snippets/10497976503252074561,0.8728908938514651
b000ndibqy,http://www.google.com/base/feeds/snippets/17409309332075689843,0.872615162538711
b00002s5ig,http://www.google.com/base/feeds/snippets/15933205235519328818,0.8721570382874447
b0002bqqtq,http://www.google.com/base/feeds/snippets/12603976278153658661,0.8717841112133925
b000ivhozk,http://www.google.com/base/feeds/snippets/12543046747030237240,0.8716973246385942
b000jqv8t2,http://www.google.com/base/feeds/snippets/12962968220446257144,0.8714347861516597
b000kmaa8a,http://www.google.com/base/feeds/snippets/17648688592984612014,0.8713099170577833
b00007lvdn,http://www.google.com/base/feeds/snippets/10376045838568127952,0.8698592564710783
b000piht7e,http://www.google.com/base/feeds/snippets/17817863026849640364,0.869469796080993
b000ndibq4,http://www.google.com/base/feeds/snippets/7928058720709111960,0.8683646188672978
b000ozhfsq,http://www.google.com/base/feeds/snippets/18438075297130458214,0.8683052868005063
b000ndib96,http://www.google.com/base/feeds/snippets/9426718267663314434,0.8667258344950156
b000ndibe6,http://www.google.com/base/feeds/snippets/9761533219806554318,0.8660706950932873
b000rhdusa,http://www.google.com/base/feeds/snippets/11927579066669830952,0.8640542627400554
b000aaqzpe,http://www.google.com/base/feeds/snippets/13375500071540864237,0.863550121182081
b0000c4dx0,http://www.google.com/base/feeds/snippets/12956485848771496004,0.8632874591822652
b0006aao96,http://www.google.com/base/feeds/snippets/15911936238938935149,0.8624070088453247
b000hcz8ey,http://www.google.com/base/feeds/snippets/11114112522015930440,0.8619231016109974
b0009dt87e,http://www.google.com/base/feeds/snippets/12849123232978824729,0.8617121652206127
b0001wn0m2,http://www.google.com/base/feeds/snippets/17784299186975876292,0.8607027629621878
b000ndibci,http://www.google.com/base/feeds/snippets/5536147337142384196,0.8605178090075095
b000ickl1s,http://www.google.com/base/feeds/snippets/9414264968515515855,0.8599750654312457
b000hed3fi,http://www.google.com/base/feeds/snippets/5655410586169835557,0.8598815574156293
b000ndib7s,http://www.google.com/base/feeds/snippets/3473826515983580841,0.8593255022408487
b000e5n0mg,http://www.google.com/base/feeds/snippets/10008484121273338467,0.8588474746853301
b000fzvv3u,http://www.google.com/base/feeds/snippets/9675508034468866052,0.8585212012335237
b000eu10wi,http://www.google.com/base/feeds/snippets/7587316869277129977,0.858003955521645
b000ndicze,http://www.google.com/base/feeds/snippets/15315731988494931444,0.8577921033736735
b000ga99tm,http://www.google.com/base/feeds/snippets/11711275868800545948,0.8572171878950733
b000rlqnr6,http://www.google.com/base/feeds/snippets/17267303786019692765,0.8567793748442515
b00002cf7w,http://www.google.com/base/feeds/snippets/11648097795915093399,0.8561303095692927
b00094ot4a,http://www.google.com/base/feeds/snippets/17708460496974727302,0.8555906486426267
b000o39u8q,http://www.google.com/base/feeds/snippets/12958721621590299185,0.8553771222013897
b00023azve,http://www.google.com/base/feeds/snippets/4949402291543451335,0.8549982795226767
b000m2yc32,http://www.google.com/base/feeds/snippets/10248910023220043204,0.8548308480762882
b000e8jl80,http://www.google.com/base/feeds/snippets/4682448981783641744,0.8547367418701817
b000k7vinq,http://www.google.com/base/feeds/snippets/13253803285539541088,0.8543328619541714
b000qd9f5w,http://www.google.com/base/feeds/snippets/16981277851522177810,0.8539047836245379
b000ndicuy,http://www.google.com/base/feeds/snippets/2263647849333008264,0.853353586020146
b000gkpe14,http://www.google.com/base/feeds/snippets/6596219200360663289,0.852916468379036
b000icpeva,http://www.google.com/base/feeds/snippets/9238210867244449104,0.8528694151555037
b000fis8ew,http://www.google.com/base/feeds/snippets/18361636558506127089,0.8527938593522978
b000o39tgo,http://www.google.com/base/feeds/snippets/17939626833908573527,0.8524705775441798
b000o39u3g,http://www.google.com/base/feeds/snippets/13023052343955574084,0.8517471974089585
b000gbukgm,http://www.google.com/base/feeds/snippets/18396085441922746096,0.8505518508898472
b000bezsyi,http://www.google.com/base/feeds/snippets/10911853136488554482,0.8501714124080529
b0007d8es0,http://www.google.com/base/feeds/snippets/18392141725886908183,0.8501217918024346
b000088nqp,http://www.google.com/base/feeds/snippets/9558419339728905800,0.8497474886433519
b000ndib6y,http://www.google.com/base/feeds/snippets/11553460726656084647,0.8496203955180236
b0002z4boo,http://www.google.com/base/feeds/snippets/11487394514676430806,0.8484205127993483
b00008mnxz,http://www.google.com/base/feeds/snippets/9445487736380311288,0.8482298654369026
b000bckm7i,http://www.google.com/base/feeds/snippets/13540884315258409885,0.8480802437544106
b000ndid26,http://www.google.com/base/feeds/snippets/5673733196767057398,0.8476428640067639
b000cpmtwk,http://www.google.com/base/feeds/snippets/1417708435719198149,0.8474026214069859
b000aa87go,http://www.google.com/base/feeds/snippets/1803780371601211439,0.8463894084678713
b000jx5nm8,http://www.google.com/base/feeds/snippets/17083097999546756325,0.8463851430588862
b000ov404w,http://www.google.com/base/feeds/snippets/18304611545439824631,0.846380966910479
b00079yoii,http://www.google.com/base/feeds/snippets/9453018933566732249,0.8453551905039141
b0001wn1fs,http://www.google.com/base/feeds/snippets/11687167580478628748,0.8449615110487717
b000jj4fbw,http://www.google.com/base/feeds/snippets/18427202789383020961,0.8444610591259608
b000j6dues,http://www.google.com/base/feeds/snippets/12495037922890432173,0.8442656178736666
b000bljed2,http://www.google.com/base/feeds/snippets/13747478666009449997,0.8431321990639508
b000twz14o,http://www.google.com/base/feeds/snippets/17467141222535233488,0.8424797876766925
b000ixvqk2,http://www.google.com/base/feeds/snippets/2284241765475162173,0.8421636579042239
b0001wn0li,http://www.google.com/base/feeds/snippets/18379653518269884966,0.8413708415892737
b00008kisz,http://www.google.com/base/feeds/snippets/12846244427931030930,0.8406883382058704
b000pijszk,http://www.google.com/base/feeds/snippets/18054567164113625813,0.8403227780964424
b000hbys5k,http://www.google.com/base/feeds/snippets/13631557261313424700,0.8392613182232789
b000hlv6mi,http://www.google.com/base/feeds/snippets/10688959294324458483,0.8384112242704748
b000hlt57q,http://www.google.com/base/feeds/snippets/16709319501877103249,0.8382924554955936
b0009hat9g,http://www.google.com/base/feeds/snippets/11765669176361549570,0.8374972308615409
b000kmehfw,http://www.google.com/base/feeds/snippets/18362060657249986591,0.8373704895694584
b0001db6i6,http://www.google.com/base/feeds/snippets/12904825904608701558,0.8369733234922239
b000bwzzlg,http://www.google.com/base/feeds/snippets/2793425352847818039,0.836723818024499
b000bwzy7q,http://www.google.com/base/feeds/snippets/1759747759895818218,0.8367140934890597
b000ieaplw,http://www.google.com/base/feeds/snippets/9680039907704769193,0.8364658660550659
b000bi641a,http://www.google.com/base/feeds/snippets/8050920942672245174,0.8353686231064809
b000ffsgga,http://www.google.com/base/feeds/snippets/9487354196638610375,0.8337810992105046
b000euhk3g,http://www.google.com/base/feeds/snippets/14356986779854403622,0.8330110036678896
b000csralc,http://www.google.com/base/feeds/snippets/17802084899902028186,0.8322280749987059
b000tl4qb4,http://www.google.com/base/feeds/snippets/1949229857064458441,0.8318237075080519
b000lpc8t0,http://www.google.com/base/feeds/snippets/11831542288207686462,0.8317179273848379
b00079pmwa,http://www.google.com/base/feeds/snippets/18400846626733696167,0.8316976600599909
b000qs8n64,http://www.google.com/base/feeds/snippets/18422266773656246362,0.8313686708002096
b000h229fa,http://www.google.com/base/feeds/snippets/17185994271384879488,0.8311138060381537
b000h3lza4,http://www.google.com/base/feeds/snippets/13919947739364726744,0.8301625166102929
b000abapo0,http://www.google.com/base/feeds/snippets/13535179607560062827,0.829538557581531
b000fem8ew,http://www.google.com/base/feeds/snippets/17375915846745821199,0.8292909995059378
b000hed3fs,http://www.google.com/base/feeds/snippets/14691100460127614059,0.8292009407974724
b000hc0m36,http://www.google.com/base/feeds/snippets/14129754112290514454,0.8288790685532704
b000lrdlia,http://www.google.com/base/feeds/snippets/13830033675761129549,0.8285796208474422
b000eiau3u,http://www.google.com/base/feeds/snippets/18396389648150219430,0.8277897781837935
b000p9eqva,http://www.google.com/base/feeds/snippets/13127837519859196528,0.8270202158078712
b000butd6q,http://www.google.com/base/feeds/snippets/6990565128537638388,0.8258051610322065
b000ecqxjq,http://www.google.com/base/feeds/snippets/5615075942724114350,0.8246184055398372
b000q6zk3a,http://www.google.com/base/feeds/snippets/18371419521576660155,0.824567143254309
b000ogsgzq,http://www.google.com/base/feeds/snippets/10453015417098446087,0.8244911170463354
b000kbszns,http://www.google.com/base/feeds/snippets/17967900865986277130,0.8236061705177631
b0001ghg64,http://www.google.com/base/feeds/snippets/17878975434909198145,0.8232671677749809
b000b6n2m6,http://www.google.com/base/feeds/snippets/12643092178258671772,0.82284411662804
b000hcz9ac,http://www.google.com/base/feeds/snippets/18394964067436310447,0.8224130659771918
b000pg8kwe,http://www.google.com/base/feeds/snippets/8283450521159112077,0.8220151779603284
b000e6mjig,http://www.google.com/base/feeds/snippets/4549566074000049896,0.8218647820443882
b000nkpf7k,http://www.google.com/base/feeds/snippets/17506547254238780201,0.8218296533475202
b0009hmx36,http://www.google.com/base/feeds/snippets/18435954901092427938,0.8217449204898051
b000ozjtoo,http://www.google.com/base/feeds/snippets/13637950682292849732,0.8206283118253359
b0009qvgeo,http://www.google.com/base/feeds/snippets/17491282253363994324,0.8203336930409764
b000h0k3zu,http://www.google.com/base/feeds/snippets/12105115514315351902,0.8202468866215278
b0002bqs8u,http://www.google.com/base/feeds/snippets/9666434905621047995,0.8200155643053274
b000egmaj4,http://www.google.com/base/feeds/snippets/10301544386744816648,0.8198747538030557
b0002cu240,http://www.google.com/base/feeds/snippets/13494528319434009653,0.8198482585824516
b000ezmxcy,http://www.google.com/base/feeds/snippets/17440820469218114890,0.8190485226014848
b000v9yxj4,http://www.google.com/base/feeds/snippets/17521446718236049500,0.8186806111375329
b000gwfgqk,http://www.google.com/base/feeds/snippets/16952776452110398384,0.8185294460289111
b000lu8a10,http://www.google.com/base/feeds/snippets/18406653450238248367,0.8183986793220344
b000e8jl7q,http://www.google.com/base/feeds/snippets/13461495034626913881,0.8180310650512338
b000hcxklc,http://www.google.com/base/feeds/snippets/9255722138583214734,0.8173961929689727
b000ag5sb0,http://www.google.com/base/feeds/snippets/12546664403196501542,0.8169358362570932
b000in6u62,http://www.google.com/base/feeds/snippets/18434616791723899127,0.8167455711564149
b00008nruc,http://www.google.com/base/feeds/snippets/10441289479977345787,0.816625162784554
b000051sgq,http://www.google.com/base/feeds/snippets/17588771746186862436,0.8165437725001903
b0000ca2ix,http://www.google.com/base/feeds/snippets/18405769282316939471,0.8154590445203831
b000gkpds8,http://www.google.com/base/feeds/snippets/5515688203820371988,0.8143352514582842
b000c55alw,http://www.google.com/base/feeds/snippets/10177129616064822618,0.8138337149264182
b000a6jrwq,http://www.google.com/base/feeds/snippets/13524826089365576174,0.8137189067939665
b0007m3pcg,http://www.google.com/base/feeds/snippets/11330215393556366354,0.8134050444636302
b000o39qyo,http://www.google.com/base/feeds/snippets/17273913360738156669,0.8132933947861255
b000gaqlxe,http://www.google.com/base/feeds/snippets/14792132642669527606,0.8129426155170912
b00032heya,http://www.google.com/base/feeds/snippets/6195321262763979528,0.8126273197704591
b0007iqg3a,http://www.google.com/base/feeds/snippets/16894460490935798232,0.8124497299401395
b000h1xy3m,http://www.google.com/base/feeds/snippets/17896835956549874370,0.8121866032685076
b000ogsgym,http://www.google.com/base/feeds/snippets/15551866173776009457,0.8119806608847003
b000dzfdbi,http://www.google.com/base/feeds/snippets/17922830512683848229,0.8117843200393531
b000om7diq,http://www.google.com/base/feeds/snippets/11294551601294188336,0.8117681523824083
b0006vc3vc,http://www.google.com/base/feeds/snippets/13235146651353177601,0.8114868787372124
b000h20hu4,http://www.google.com/base/feeds/snippets/11816902045207686274,0.8113987457093806
b00006sijq,http://www.google.com/base/feeds/snippets/10621416214836586442,0.8112522304925279
b000h25yoi,http://www.google.com/base/feeds/snippets/17357728675180341663,0.8108524660892982
b000sqnbp2,http://www.google.com/base/feeds/snippets/18309926777977827139,0.8096949593627172
b000jx3qxq,http://www.google.com/base/feeds/snippets/7150077051864937455,0.8096710805237343
b000ogsh3c,http://www.google.com/base/feeds/snippets/2640184679506710701,0.8080334823750275
b000cp4ja0,http://www.google.com/base/feeds/snippets/10667383848205761084,0.8077307512367011
b0002w30e4,http://www.google.com/base/feeds/snippets/17020261670293385352,0.8076982589810241
b000fer1cq,http://www.google.com/base/feeds/snippets/8056776198231015744,0.8071031103639047
b00021lrw2,http://www.google.com/base/feeds/snippets/6591008499871907116,0.8069491355240047
b000bc38o2,http://www.google.com/base/feeds/snippets/12383342975629473219,0.8067616258102074
b00008mnxr,http://www.google.com/base/feeds/snippets/13582930230756997101,0.806187374611406
b0001wn1ee,http://www.google.com/base/feeds/snippets/12776057589362570320,0.8056527873369591
b000i2y0cy,http://www.google.com/base/feeds/snippets/12101278904238968507,0.8049948488599579
b000eplmpi,http://www.google.com/base/feeds/snippets/18000939542340526750,0.8044485629343667
b00032hexq,http://www.google.com/base/feeds/snippets/6856336028258284106,0.8035464234403878
b000067vpa,http://www.google.com/base/feeds/snippets/18389772286278704810,0.8032535120612788
b000fzxisg,http://www.google.com/base/feeds/snippets/10282477376383378142,0.8024611774313233
b0000c7fpt,http://www.google.com/base/feeds/snippets/17175991674191849246,0.8023764978521843
b000h14rqk,http://www.google.com/base/feeds/snippets/10090208868795399315,0.8021515466906017
b00008ajjc,http://www.google.com/base/feeds/snippets/18424464601572004274,0.8013103106997717
b000cqyclu,http://www.google.com/base/feeds/snippets/1695089910833084773,0.8009847581515019
b0009i6kh0,http://www.google.com/base/feeds/snippets/12619023447490200684,0.8004226735884694
b000jlj0cy,http://www.google.com/base/feeds/snippets/16827217446944316033,0.8001769180401261
b000eavbdq,http://www.google.com/base/feeds/snippets/18443105453266961029,0.8
b000j4oxf0,http://www.google.com/base/feeds/snippets/16319944090637292990,0.7993142950292446
b00061u8sc,http://www.google.com/base/feeds/snippets/12121003713992255160,0.799137468930942
b00009l1hv,http://www.google.com/base/feeds/snippets/15203735208016659510,0.798813282262085
1931102953,http://www.google.com/base/feeds/snippets/12729065138733783657,0.7982974808621066
b000jx5ppi,http://www.google.com/base/feeds/snippets/9381087429548020234,0.798270293733601
b0007wv3ei,http://www.google.com/base/feeds/snippets/18347005743602331538,0.7982240272891757
b0009hl34q,http://www.google.com/base/feeds/snippets/11654629063147846560,0.7978365794057336
b000mz7c36,http://www.google.com/base/feeds/snippets/1209717630190599142,0.7978243100853
b000nknaze,http://www.google.com/base/feeds/snippets/17094758357141692240,0.797371134275316
b00008mopv,http://www.google.com/base/feeds/snippets/13893790598310451613,0.7969722961908053
b000h2421o,http://www.google.com/base/feeds/snippets/17262070833319550928,0.7963568381320313
b000mtebtu,http://www.google.com/base/feeds/snippets/7898902077337932386,0.7957088746657339
b0009jgv50,http://www.google.com/base/feeds/snippets/13809600021930717984,0.7956791414083029
b000b6jasg,http://www.google.com/base/feeds/snippets/17471276055285923188,0.7950884846028877
b000pijt6i,http://www.google.com/base/feeds/snippets/16984572314608520314,0.7946694336815452
b000ndid62,http://www.google.com/base/feeds/snippets/18383405503824080160,0.7936920690587143
b000hcz8gc,http://www.google.com/base/feeds/snippets/9807438286656285076,0.7933600942248615
b0002nt5ho,http://www.google.com/base/feeds/snippets/5527718669808727624,0.7933051788959563
b0002yiuns,http://www.google.com/base/feeds/snippets/17602054056835540213,0.7931095151565153
b000bgtv80,http://www.google.com/base/feeds/snippets/11711993756559182415,0.7929881389451616
b000fjs8sc,http://www.google.com/base/feeds/snippets/65578552457551022,0.7923390572234732
b0007prnjo,http://www.google.com/base/feeds/snippets/18434733520229761009,0.7922350192942983
b0009affew,http://www.google.com/base/feeds/snippets/17165389585205797735,0.7921843879869168
b000in4uak,http://www.google.com/base/feeds/snippets/12243674671451624208,0.7920426671784901
b00076ywii,http://www.google.com/base/feeds/snippets/17407485579094223073,0.7912962815507915
b0009hj5ve,http://www.google.com/base/feeds/snippets/904752907591542149,0.791101621080376
b000p4tc82,http://www.google.com/base/feeds/snippets/18172308291108986699,0.7910486272185594
b000tdgyks,http://www.google.com/base/feeds/snippets/17686732625070159576,0.7909139363647186
b0009yegpc,http://www.google.com/base/feeds/snippets/13834985344480832776,0.7904302226234412
b00032heyk,http://www.google.com/base/feeds/snippets/14100958400236899770,0.790335228782027
b000i5wcp8,http://www.google.com/base/feeds/snippets/11018448213893210660,0.7901224474231845
b000g3mer8,http://www.google.com/base/feeds/snippets/9342175169264415955,0.7899470392651924
b0001gjc52,http://www.google.com/base/feeds/snippets/13642535173107321529,0.7895364709031818
b000byrinm,http://www.google.com/base/feeds/snippets/18422623903556262295,0.7891839077569669
b000bd1ad2,http://www.google.com/base/feeds/snippets/17267430885978125860,0.7888208866771864
b00006jk50,http://www.google.com/base/feeds/snippets/11179585669816570240,0.7881832014616468
b000jvimau,http://www.google.com/base/feeds/snippets/12411157260503394365,0.7881042199756954
b00062uji0,http://www.google.com/base/feeds/snippets/2644254417608822315,0.7870666550638803
b000he39mk,http://www.google.com/base/feeds/snippets/17771223071817478541,0.7867341088745999
b00062ujhg,http://www.google.com/base/feeds/snippets/14762714779654278826,0.7865829337679383
b00009nfc1,http://www.google.com/base/feeds/snippets/4441393199380874556,0.7851658941002779
b000ofnri8,http://www.google.com/base/feeds/snippets/2217167988787223405,0.784753557208756
b000he35ss,http://www.google.com/base/feeds/snippets/11153480872220659485,0.7842705046045072
b00070ouja,http://www.google.com/base/feeds/snippets/13771177133224281760,0.7834730276536
b000e13es0,http://www.google.com/base/feeds/snippets/11343247749866294908,0.7834381254915661
b000ap0h7g,http://www.google.com/base/feeds/snippets/12372782957076635523,0.7820110785270379
b000h16p9w,http://www.google.com/base/feeds/snippets/10330893806550846255,0.7817117046909609
b000gr1ceu,http://www.google.com/base/feeds/snippets/4703701453618359906,0.7812514001307067
b000anqim6,http://www.google.com/base/feeds/snippets/11275967430878272564,0.7812209945705849
b000in6tnq,http://www.google.com/base/feeds/snippets/18251424810598585817,0.7808262410843767
b000jx29wa,http://www.google.com/base/feeds/snippets/18403866794415896226,0.779923714013175
b000ndicpy,http://www.google.com/base/feeds/snippets/13125236767288549966,0.7798296515603478
b000tme1ke,http://www.google.com/base/feeds/snippets/14229989716762722805,0.77969097076567
b000fm18vi,http://www.google.com/base/feeds/snippets/3620383930983735395,0.779570458153148
b0002bqrq8,http://www.google.com/base/feeds/snippets/18386073325514862606,0.7794839216862846
b000a76zt8,http://www.google.com/base/feeds/snippets/18100099283119840324,0.7794253094403247
b000mfqzoi,http://www.google.com/base/feeds/snippets/16972373098771212794,0.7790874696034444
b000ehpzv8,http://www.google.com/base/feeds/snippets/18440602911777368492,0.778968920624553
b0009jhv5e,http://www.google.com/base/feeds/snippets/16721626632033099240,0.7789029179591994
b000ndic9a,http://www.google.com/base/feeds/snippets/8042583218932085904,0.7781521836054766
b000fetuiy,http://www.google.com/base/feeds/snippets/12766531527997249031,0.7778660194941595
b000eqieik,http://www.google.com/base/feeds/snippets/8261805484012687318,0.777806476701862
b000kjzigw,http://www.google.com/base/feeds/snippets/18055289311900407768,0.7777227463696414
b0009jgv6o,http://www.google.com/base/feeds/snippets/171336667164499787,0.7767802002294458
b000hlp64w,http://www.google.com/base/feeds/snippets/11554840496283672285,0.7767262193875907
b000j54pac,http://www.google.com/base/feeds/snippets/13221664962106693367,0.7766063009680296
b000hcvr5s,http://www.google.com/base/feeds/snippets/12218017436042377109,0.7752138555364902
b000qclgqo,http://www.google.com/base/feeds/snippets/6176694480450258174,0.7750345864267623
b000gcd73y,http://www.google.com/base/feeds/snippets/18135578158357182921,0.7743823283547249
b000bt8trg,http://www.google.com/base/feeds/snippets/11826731647881867985,0.7739893370250683
b000ffcdim,http://www.google.com/base/feeds/snippets/18190434268931466210,0.7738503256179218
b000f7gysa,http://www.google.com/base/feeds/snippets/16702887737767240197,0.773593471904523
b000ndick4,http://www.google.com/base/feeds/snippets/3607173973836413689,0.7735905109617791
b00005atxo,http://www.google.com/base/feeds/snippets/11430069725574750424,0.7733118433354451
b000ep3gei,http://www.google.com/base/feeds/snippets/4837330611493150937,0.7732501946406233
b0000c7gep,http://www.google.com/base/feeds/snippets/18343959075631403504,0.7730410598908974
b000epcfz4,http://www.google.com/base/feeds/snippets/13118744398423334173,0.773031972149499
b000fn6cf4,http://www.google.com/base/feeds/snippets/8110280389757211340,0.7714805743173911
b0002e3lpk,http://www.google.com/base/feeds/snippets/3815040086805205738,0.7709541828690675
b000fzxiou,http://www.google.com/base/feeds/snippets/12642359421626863460,0.7708265641778436
b000exu99k,http://www.google.com/base/feeds/snippets/17647670175814866187,0.7707753580923071
b000bwbtwu,http://www.google.com/base/feeds/snippets/6205544377126393085,0.7704707810660196
b000a2aknu,http://www.google.com/base/feeds/snippets/18053348848713858697,0.7698220625577226
b000lozewy,http://www.google.com/base/feeds/snippets/17477502346334387395,0.7696782898098824
b000cc22ys,http://www.google.com/base/feeds/snippets/13711624573601150378,0.7695863916699874
b0001gu7jc,http://www.google.com/base/feeds/snippets/17037106486883484113,0.769528927849155
b0008ewsf8,http://www.google.com/base/feeds/snippets/10087092539211280139,0.7693279377175966
b000evo8h6,http://www.google.com/base/feeds/snippets/18368735287693525011,0.7681813693948158
b000cditbc,http://www.google.com/base/feeds/snippets/18377490087458020504,0.7673758604701804
b000b6kh38,http://www.google.com/base/feeds/snippets/18277398973089665313,0.7671402497347313
b000e65hki,http://www.google.com/base/feeds/snippets/11050991040966629398,0.7667328570375781
b000jx5rz6,http://www.google.com/base/feeds/snippets/17634318125830822917,0.7667116723641798
b000lp6jky,http://www.google.com/base/feeds/snippets/908293428104495266,0.7665263262501621
b000aa87dm,http://www.google.com/base/feeds/snippets/10438244455449441805,0.7657749996873308
b00002s6sc,http://www.google.com/base/feeds/snippets/14941513108998426217,0.7651748438684037
b00004vx3p,http://www.google.com/base/feeds/snippets/12415174468260360116,0.7646885875384767
b00004nhn7,http://www.google.com/base/feeds/snippets/18434385825570199468,0.7643041041054135
b00005rd70,http://www.google.com/base/feeds/snippets/17691332503246508957,0.763883842399423
b000trgqqg,http://www.google.com/base/feeds/snippets/16874485945364761422,0.7638565738919474
b00005aycg,http://www.google.com/base/feeds/snippets/10901373095934236651,0.7638156023717613
b00008pbus,http://www.google.com/base/feeds/snippets/13569469265401894942,0.7637464306634332
b00029rapc,http://www.google.com/base/feeds/snippets/17059526546034030562,0.7636669855944874
b000b676fa,http://www.google.com/base/feeds/snippets/17982318849719467269,0.7636614525264405
b000ogsyjy,http://www.google.com/base/feeds/snippets/16579315096492817894,0.7634824438636991
b000mz7c2w,http://www.google.com/base/feeds/snippets/15648850844085647958,0.7630991671373146
b0002itt84,http://www.google.com/base/feeds/snippets/5505866551596188643,0.7623364587262883
b000exu6cu,http://www.google.com/base/feeds/snippets/13693694360546677062,0.7614601413011025
b000q1n7du,http://www.google.com/base/feeds/snippets/10720887667449998069,0.761355920058563
b000h294mq,http://www.google.com/base/feeds/snippets/14007006525589850325,0.7613417171896909
b000068xl9,http://www.google.com/base/feeds/snippets/18398774476993389905,0.7608900126140834
b000e6q3em,http://www.google.com/base/feeds/snippets/18435517580056006507,0.7608396537342886
b000h25yr0,http://www.google.com/base/feeds/snippets/18264562147667335719,0.7602029797134114
b0006b64v2,http://www.google.com/base/feeds/snippets/13621555970489144689,0.7601327898672625
b0000afu4e,http://www.google.com/base/feeds/snippets/10376000923691891679,0.7600672069914124
b000k7ving,http://www.google.com/base/feeds/snippets/13468530879861986847,0.7598373062264334
b000pienka,http://www.google.com/base/feeds/snippets/17520994730465780544,0.7594179977171841
b000ndibws,http://www.google.com/base/feeds/snippets/9484979283744840884,0.7592954405503667
b00061m0qk,http://www.google.com/base/feeds/snippets/17936351408567096042,0.7588742192599921
b000ffsgho,http://www.google.com/base/feeds/snippets/4935901327541769811,0.7584593656596184
b00078x3hm,http://www.google.com/base/feeds/snippets/5707639507589635432,0.7581212382619366
b0000696oh,http://www.google.com/base/feeds/snippets/18180725296745787083,0.7579627131580808
b0000dk573,http://www.google.com/base/feeds/snippets/17077922689318325801,0.7575474420269637
b0000als2s,http://www.google.com/base/feeds/snippets/17832927937923546408,0.7570512517650596
b000ndibjq,http://www.google.com/base/feeds/snippets/14812439490848045578,0.7568334481203256
b00097alks,http://www.google.com/base/feeds/snippets/4522979894661726264,0.7565073036193942
b000b5rweg,http://www.google.com/base/feeds/snippets/18360660165216793779,0.7564980470752691
b0001wn16m,http://www.google.com/base/feeds/snippets/16969493842479402672,0.7563669562156905
b0001wn0sq,http://www.google.com/base/feeds/snippets/7946849252371593289,0.7560301068358811
b000hedyio,http://www.google.com/base/feeds/snippets/18405745276041721942,0.7554557878462183
b000in8nhq,http://www.google.com/base/feeds/snippets/17790799708366999123,0.7554352186529185
b000enucvk,http://www.google.com/base/feeds/snippets/3437735654737897918,0.7554126794496379
b00006oaqv,http://www.google.com/base/feeds/snippets/11635038042771617420,0.7550140064335683
b00062vfec,http://www.google.com/base/feeds/snippets/17362544992159710827,0.7549450341397617
b0009yegcu,http://www.google.com/base/feeds/snippets/12024241460287341882,0.754405724368173
b000aoz7ko,http://www.google.com/base/feeds/snippets/10620720227652938239,0.7541934318921382
b000qctqne,http://www.google.com/base/feeds/snippets/18375765231096501819,0.7541543064095805
b000fovsha,http://www.google.com/base/feeds/snippets/17285189275812329124,0.753885737767116
b000q1pyzo,http://www.google.com/base/feeds/snippets/16880028183560827373,0.7537366334500383
b000v7vz2e,http://www.google.com/base/feeds/snippets/17926987006913487270,0.7528723520988864
b000q1pyv8,http://www.google.com/base/feeds/snippets/18171290245464117932,0.7527911319843206
b000dn7k8y,http://www.google.com/base/feeds/snippets/17723708447447202259,0.7519278334836186
b000eqy0ss,http://www.google.com/base/feeds/snippets/17149948893700452737,0.7513771643350833
b000pg8kxs,http://www.google.com/base/feeds/snippets/13312621869477195220,0.7510707751777799
b000edkurg,http://www.google.com/base/feeds/snippets/13699037964945038111,0.7507500041262543
b000hcz8gm,http://www.google.com/base/feeds/snippets/13673799320876526338,0.7507229668485761
b000063v0z,http://www.google.com/base/feeds/snippets/10496277297966281940,0.7507013593886139
b000hcvr1m,http://www.google.com/base/feeds/snippets/12219649046294237633,0.7503945395597771
b000hcu7b8,http://www.google.com/base/feeds/snippets/16917437492135092265,0.7503081411122143
b0009h9q1i,http://www.google.com/base/feeds/snippets/5665024204886410,0.750050673403165
b000b85aag,http://www.google.com/base/feeds/snippets/2233807276870300519,0.749822578509618
b000gcgqd2,http://www.google.com/base/feeds/snippets/13759883185832377445,0.7495029397142059
b000he9psc,http://www.google.com/base/feeds/snippets/14520556770161082452,0.7474045436289277
b000bs5ibm,http://www.google.com/base/feeds/snippets/15944513620809178120,0.7471588762536969
b00006jo4g,http://www.google.com/base/feeds/snippets/16696977577840370909,0.7467458240156255
b000btac30,http://www.google.com/base/feeds/snippets/16883659993106723886,0.7459637523695261
b0009nr9mu,http://www.google.com/base/feeds/snippets/16755727468265308879,0.7457366696233554
b000o27ti0,http://www.google.com/base/feeds/snippets/14054232840925252286,0.7455638763966922
b000in351k,http://www.google.com/base/feeds/snippets/17079453403984087719,0.7451708694667396
b0009xndso,http://www.google.com/base/feeds/snippets/18399052852205689839,0.745077200835896
b00062jdka,http://www.google.com/base/feeds/snippets/9616317575612495489,0.7450695372736762
b000bcz8ng,http://www.google.com/base/feeds/snippets/3077454195131808819,0.7442745013037085
b000pihtec,http://www.google.com/base/feeds/snippets/13778334917246964953,0.7439168400945377
b0007znn48,http://www.google.com/base/feeds/snippets/7744305702477366904,0.7436645820729145
b000aa87pu,http://www.google.com/base/feeds/snippets/18373688292230003205,0.7427882609882162
b0009k0092,http://www.google.com/base/feeds/snippets/11468495129123244202,0.7421099947049205
b000fbgapi,http://www.google.com/base/feeds/snippets/18364140307508478752,0.7416670628884361
b000nif4im,http://www.google.com/base/feeds/snippets/16793437722628106463,0.7414763664415023
b000067fk7,http://www.google.com/base/feeds/snippets/13869960802688221937,0.7413666747160276
b000eg6d5q,http://www.google.com/base/feeds/snippets/16690738478999740250,0.7407288509739625
b0009rgzgm,http://www.google.com/base/feeds/snippets/1883379429602083103,0.740668260357964
b000a40w4a,http://www.google.com/base/feeds/snippets/3989496415533250864,0.7405905641267705
b0001zjrus,http://www.google.com/base/feeds/snippets/12794387524239668290,0.7405125441433282
b0007sxglk,http://www.google.com/base/feeds/snippets/18405058220481329541,0.7404413384338342
b0000dbykm,http://www.google.com/base/feeds/snippets/18434163358494173665,0.7403946421191834
b000io7a9m,http://www.google.com/base/feeds/snippets/13440353610523579374,0.7403308028211815
b000j4k804,http://www.google.com/base/feeds/snippets/18411875162562199123,0.739393920555566
b000ivjv10,http://www.google.com/base/feeds/snippets/16673725682059181917,0.7392068879345023
b000ra778g,http://www.google.com/base/feeds/snippets/1999028797513668232,0.7385794782243766
b000frqfe8,http://www.google.com/base/feeds/snippets/13703162595446844265,0.7383727091652014
b000ehs6ic,http://www.google.com/base/feeds/snippets/3377135321507891586,0.7377775781989274
b000brm3xe,http://www.google.com/base/feeds/snippets/11524039735478682676,0.7376558904926526
b000ndicqi,http://www.google.com/base/feeds/snippets/9647142668602200141,0.7375405001938917
b000ek6ekq,http://www.google.com/base/feeds/snippets/18404187604346548446,0.7370953726917497
b000g80lku,http://www.google.com/base/feeds/snippets/16862951998092117648,0.7367551933324786
b000h14rr4,http://www.google.com/base/feeds/snippets/10426833843056008758,0.736526135320872
b000qxdj0y,http://www.google.com/base/feeds/snippets/11808064350838387307,0.7362672224274042
b000brczzk,http://www.google.com/base/feeds/snippets/3011334164286500167,0.7356564907127066
b000ndichc,http://www.google.com/base/feeds/snippets/13807405031002803472,0.7354156878953976
b0002b0qfg,http://www.google.com/base/feeds/snippets/11267581873345425673,0.7352914595932335
b000e2d3lc,http://www.google.com/base/feeds/snippets/16769449274864717899,0.7351826321975409
b00006j02n,http://www.google.com/base/feeds/snippets/18268949289189904876,0.7351440513680413
b000ndic86,http://www.google.com/base/feeds/snippets/1227473479709404023,0.735008209969552
b000b6n2lw,http://www.google.com/base/feeds/snippets/18382903514613113420,0.7348316514081856
b000i82j80,http://www.google.com/base/feeds/snippets/12086037741590312489,0.7346576474509628
b000ndibwi,http://www.google.com/base/feeds/snippets/596526892186899957,0.7346558830071239
b000b6vlh4,http://www.google.com/base/feeds/snippets/10993073455692001778,0.7338814649408804
b000i2jd0s,http://www.google.com/base/feeds/snippets/18393898679155461769,0.733855772228576
b000k6b3zu,http://www.google.com/base/feeds/snippets/257434657988780139,0.733600202786276
b0009zhg8k,http://www.google.com/base/feeds/snippets/18403568462989725383,0.7335446137591298
b000i0bp6k,http://www.google.com/base/feeds/snippets/10110199435466109569,0.7332768707977546
b000p49vis,http://www.google.com/base/feeds/snippets/17360430673200796553,0.732948963429688
b000iwarqw,http://www.google.com/base/feeds/snippets/2898916414372959165,0.7328938791887794
b0001gngl8,http://www.google.com/base/feeds/snippets/9889997485442958372,0.732572473308561
b0002ce0v6,http://www.google.com/base/feeds/snippets/17297585967951704634,0.7323226891099534
b000p9cr66,http://www.google.com/base/feeds/snippets/13212739364324191667,0.7315004579765522
b000ndibh8,http://www.google.com/base/feeds/snippets/2261905427242154693,0.730804449077769
b0002mg5uk,http://www.google.com/base/feeds/snippets/1267940675828545901,0.7304558439530071
b0007d8r5k,http://www.google.com/base/feeds/snippets/13775362651326388438,0.7300398825589243
b000hed3gm,http://www.google.com/base/feeds/snippets/15481209573698256416,0.7296241073006179
b0009yx9by,http://www.google.com/base/feeds/snippets/5238862557893361196,0.7294547005986389
b000099107,http://www.google.com/base/feeds/snippets/18423703065025887231,0.7293351201857223
b000cepgwg,http://www.google.com/base/feeds/snippets/4433860407786915136,0.7291959336130327
b0007vubx8,http://www.google.com/base/feeds/snippets/8395248988761650431,0.7289970720830001
b000lu89uc,http://www.google.com/base/feeds/snippets/13380169193455086942,0.72850065125152
b000hus51e,http://www.google.com/base/feeds/snippets/17827472274973329884,0.728415282458221
b000jgw9ae,http://www.google.com/base/feeds/snippets/10471177135649344162,0.7283729619030463
b000nkrj0q,http://www.google.com/base/feeds/snippets/13749047006070540730,0.7281584568687983
b000gw55es,http://www.google.com/base/feeds/snippets/7744548491761569898,0.7279976026810756
b00007m5vg,http://www.google.com/base/feeds/snippets/16901363491609477771,0.7276667694620146
b00009apna,http://www.google.com/base/feeds/snippets/3435680088823178198,0.7270714719964371
b000hc0lw8,http://www.google.com/base/feeds/snippets/16714036815187031033,0.7270137647102166
b000gkxmea,http://www.google.com/base/feeds/snippets/17230198637846961402,0.7269805881693667
b000j00xf8,http://www.google.com/base/feeds/snippets/2828778266734579385,0.7268249754788793
b000edjjhs,http://www.google.com/base/feeds/snippets/17033785854482020785,0.7266483035931671
b000fdetxq,http://www.google.com/base/feeds/snippets/4834494816656344498,0.7265674623556491
b000pgaimo,http://www.google.com/base/feeds/snippets/5326441011843947394,0.7260423239628357
b000lff13k,http://www.google.com/base/feeds/snippets/201121512151694259,0.7259344724078984
b000lxdrjm,http://www.google.com/base/feeds/snippets/6524009149304761284,0.7255381184022188
b000bb6f5m,http://www.google.com/base/feeds/snippets/13718712808898001175,0.7242070916313019
b000v7pf3o,http://www.google.com/base/feeds/snippets/17249871924749189514,0.723938775248059
b000fvqo0o,http://www.google.com/base/feeds/snippets/2209370345378693785,0.7239135556863094
b0007lw22q,http://www.google.com/base/feeds/snippets/10939909441298262260,0.7238062452356753
b000qxd2tc,http://www.google.com/base/feeds/snippets/7653075580455328736,0.7237436353030047
b000bcgf9m,http://www.google.com/base/feeds/snippets/17137407106136957809,0.723169129151754
b000h13a2w,http://www.google.com/base/feeds/snippets/9946072379807963307,0.7229215644035905
b000nknb44,http://www.google.com/base/feeds/snippets/5978521375376689048,0.7228790145127592
b0008glgea,http://www.google.com/base/feeds/snippets/7415156197197389350,0.7223679596967055
b000ijngeu,http://www.google.com/base/feeds/snippets/17208172489316783816,0.7223251093354817
b000hcqqmc,http://www.google.com/base/feeds/snippets/17192874868577413898,0.7222885851419585
b000icpfmi,http://www.google.com/base/feeds/snippets/14325412592062687221,0.7221625985650385
b000j00xeo,http://www.google.com/base/feeds/snippets/8524288977169655479,0.7217714911173686
b000eezn2c,http://www.google.com/base/feeds/snippets/12329058540425314571,0.7216445697393126
b000in35ho,http://www.google.com/base/feeds/snippets/17101910436938629162,0.7214394755529188
b000090179,http://www.google.com/base/feeds/snippets/17953929889613420408,0.7210485812090254
b0002x9a1u,http://www.google.com/base/feeds/snippets/13871525141591734359,0.7210034113223566
b000hjqyc2,http://www.google.com/base/feeds/snippets/15260761427784751076,0.7208735958895552
b0007m69s8,http://www.google.com/base/feeds/snippets/17998064550570873069,0.7206380359208117
b0006aao9g,http://www.google.com/base/feeds/snippets/15937975832085771486,0.72046571872663
b000euhiug,http://www.google.com/base/feeds/snippets/15998338875089949975,0.7204584893792875
b000csramg,http://www.google.com/base/feeds/snippets/18435579466587005010,0.720437941591795
b000nkj29c,http://www.google.com/base/feeds/snippets/18118065911754783035,0.7203840582527233
b000gcgqvy,http://www.google.com/base/feeds/snippets/17456162504360585884,0.7203345050635928
b000cnf014,http://www.google.com/base/feeds/snippets/17760107129811199554,0.7200615245830485
b0001d56uu,http://www.google.com/base/feeds/snippets/16072788843762697430,0.7197824473029877
b00032hey0,http://www.google.com/base/feeds/snippets/13776469109811872414,0.7189101296166351
b000ivhlgc,http://www.google.com/base/feeds/snippets/16978988391209170797,0.7184723988171808
b000h22pg8,http://www.google.com/base/feeds/snippets/13428523279345175501,0.7178114185115401
b000iflerk,http://www.google.com/base/feeds/snippets/17776155287333548087,0.7174096176593214
b000licg1m,http://www.google.com/base/feeds/snippets/6070036801370348429,0.717014919999052
b00001xdw7,http://www.google.com/base/feeds/snippets/10541632718220382972,0.716896455993154
b000ie8u4g,http://www.google.com/base/feeds/snippets/17308332648335562662,0.7164910973317844
b000fepvcs,http://www.google.com/base/feeds/snippets/18395637668335924867,0.7160345744995136
b000162zp6,http://www.google.com/base/feeds/snippets/18423412970630780827,0.7159950433415305
b000j1cit6,http://www.google.com/base/feeds/snippets/7937630813831495909,0.7159359406828024
b000ra5bl6,http://www.google.com/base/feeds/snippets/14007011703509063417,0.7155423957542937
b000mfgx7w,http://www.google.com/base/feeds/snippets/18416264451031093966,0.7154928134909171
b000nvkyse,http://www.google.com/base/feeds/snippets/1492097838915695810,0.7153753651599077
b0001wn18u,http://www.google.com/base/feeds/snippets/664913958514106734,0.7153116965407321
b00005auzh,http://www.google.com/base/feeds/snippets/17640225934406949646,0.7151948199829171
b000gcd6qc,http://www.google.com/base/feeds/snippets/17053187920066498620,0.7149790485562788
b0000c4m1w,http://www.google.com/base/feeds/snippets/17149576701498164512,0.7147413208539332
b000nkklwe,http://www.google.com/base/feeds/snippets/16700933768709687512,0.7147278173599964
b000ndibvo,http://www.google.com/base/feeds/snippets/5767845185221029524,0.7138401032003518
b0009ftmj6,http://www.google.com/base/feeds/snippets/17244314871392617212,0.7124020454121988
b00099e4ya,http://www.google.com/base/feeds/snippets/16750826951044664483,0.7121046326679868
b000pienlo,http://www.google.com/base/feeds/snippets/16974008974544976244,0.711407963656798
b000etjjae,http://www.google.com/base/feeds/snippets/12845228373531717554,0.7111669955479908
b0002ibev4,http://www.google.com/base/feeds/snippets/1887899244694755891,0.7111413235684874
b00007g3ai,http://www.google.com/base/feeds/snippets/11265957088683077055,0.7107721619023811
b000ndemb2,http://www.google.com/base/feeds/snippets/9858798962478264497,0.7106502994674351
b000egidpo,http://www.google.com/base/feeds/snippets/13683578637114771147,0.71026295704996
b000n28264,http://www.google.com/base/feeds/snippets/10107666776703773184,0.710207311117096
b000099sie,http://www.google.com/base/feeds/snippets/12471937113581397461,0.7102060560028409
b000hkpb3e,http://www.google.com/base/feeds/snippets/11022538834870557563,0.7083397054788316
b00007e8bi,http://www.google.com/base/feeds/snippets/18286585073343765950,0.7080447803334259
b0001mbatc,http://www.google.com/base/feeds/snippets/17075992384109050018,0.7078981947998624
b000emcays,http://www.google.com/base/feeds/snippets/727817609597268757,0.7066365396588614
b000lu89xy,http://www.google.com/base/feeds/snippets/11784459841921410504,0.7065066688410151
b000o231le,http://www.google.com/base/feeds/snippets/14824450046380908303,0.7063557495690023
b000k757w4,http://www.google.com/base/feeds/snippets/17265475148454123541,0.7053235640502751
b00099xf0e,http://www.google.com/base/feeds/snippets/16819471998102486336,0.7044285607817039
b000ndibhi,http://www.google.com/base/feeds/snippets/15620401128846734122,0.7039613444296317
b00002s8if,http://www.google.com/base/feeds/snippets/17110430434010171078,0.7038123435720135
b000ndo7n0,http://www.google.com/base/feeds/snippets/17544063525352738794,0.7037705503941969
b000he9pr8,http://www.google.com/base/feeds/snippets/12793548253668540527,0.702850298895919
b000hcl5sm,http://www.google.com/base/feeds/snippets/12905177887993533095,0.7027975633597024
b000f7bps4,http://www.google.com/base/feeds/snippets/12516109834871224117,0.7025644597330215
b000o3d94m,http://www.google.com/base/feeds/snippets/17453432506391757198,0.7023009773419842
b000ivjsb8,http://www.google.com/base/feeds/snippets/17787032142812456248,0.7022530580602205
b000mu6mve,http://www.google.com/base/feeds/snippets/5562499905130838466,0.7022259363411101
b0002r74a0,http://www.google.com/base/feeds/snippets/18380144380139373224,0.7019452712719281
b000bckmaa,http://www.google.com/base/feeds/snippets/13796906802854864998,0.7018504553914675
b000ftpmc2,http://www.google.com/base/feeds/snippets/1766122214269018147,0.701492773596868
b000ndibri,http://www.google.com/base/feeds/snippets/222400256379219119,0.7012058790077704
b000eqazb4,http://www.google.com/base/feeds/snippets/12965745281480952652,0.7006366427963816
b000hlt4tu,http://www.google.com/base/feeds/snippets/13216880913844051494,0.7003600450803866
b0001o04tw,http://www.google.com/base/feeds/snippets/18387281427311179638,0.7000352154393401
b000ep8oju,http://www.google.com/base/feeds/snippets/17530305432950801722,0.6999754830446396
b000emgcxs,http://www.google.com/base/feeds/snippets/18384214908341178781,0.6998741457677019
b000kmehha,http://www.google.com/base/feeds/snippets/11463298814554093369,0.6993312091475707
b000frs492,http://www.google.com/base/feeds/snippets/10728844449163351151,0.6986463360207916
b000jx1kgq,http://www.google.com/base/feeds/snippets/18234349657423202538,0.6985427849303529
b0000ycfcw,http://www.google.com/base/feeds/snippets/321181551780335576,0.6982765403193121
b000jgqt28,http://www.google.com/base/feeds/snippets/18282499725938188855,0.6979567916047403
b000ivl050,http://www.google.com/base/feeds/snippets/17758143132560820340,0.6974700770524613
b0000990y7,http://www.google.com/base/feeds/snippets/15315822485835000773,0.697240940273038
b000hbysc8,http://www.google.com/base/feeds/snippets/16664522595741515761,0.6966107666696535
b000k7vio0,http://www.google.com/base/feeds/snippets/9592753698712041843,0.6963429384069688
b000jh7c6y,http://www.google.com/base/feeds/snippets/18159360858957097495,0.696184518004957
b000k2nkua,http://www.google.com/base/feeds/snippets/8251934342990013076,0.6960554625364694
b00006gxbz,http://www.google.com/base/feeds/snippets/6859916462314032120,0.6960270135731156
b000ndible,http://www.google.com/base/feeds/snippets/790771655328756919,0.6957773639914652
b000ga99ry,http://www.google.com/base/feeds/snippets/13264093951540339583,0.6949743073881159
b00006iqth,http://www.google.com/base/feeds/snippets/14568361195754285856,0.6945672237472094
b0007yepy6,http://www.google.com/base/feeds/snippets/4783370532123880956,0.6943707843270445
b000e8jlda,http://www.google.com/base/feeds/snippets/14794198635011271295,0.6942484653253735
b0002x1omi,http://www.google.com/base/feeds/snippets/7039940734695244235,0.694124728043608
b000i4rmfe,http://www.google.com/base/feeds/snippets/10856062098610973379,0.6928639776533935
b000ihxoa8,http://www.google.com/base/feeds/snippets/15299848488500055875,0.6920027693688886
b0001y7poo,http://www.google.com/base/feeds/snippets/4468026794504477734,0.6919950189001435
b0000vmimw,http://www.google.com/base/feeds/snippets/18364436159487312703,0.6911542546215821
b0006aaoiw,http://www.google.com/base/feeds/snippets/18106742966338682113,0.690591355562389
b000hhvb5e,http://www.google.com/base/feeds/snippets/2651646167662758246,0.6905707946070786
b000gcgq82,http://www.google.com/base/feeds/snippets/16921328283361819228,0.6905394474549037
b0002al1z6,http://www.google.com/base/feeds/snippets/15577341303347278445,0.6903140252377638
b00019tb00,http://www.google.com/base/feeds/snippets/251538724524961694,0.6902273811454445
b0001h5w9g,http://www.google.com/base/feeds/snippets/16777357826655096085,0.6901436197397858
b00009m8ur,http://www.google.com/base/feeds/snippets/13743628234242373469,0.6899261892272925
b000oqjdna,http://www.google.com/base/feeds/snippets/17165631569540488376,0.6898609452107796
b000hbysf0,http://www.google.com/base/feeds/snippets/9117876336691363711,0.6895379884236094
b000o3ek2m,http://www.google.com/base/feeds/snippets/18295506345742178609,0.6888512302526352
b0000ycfe0,http://www.google.com/base/feeds/snippets/8175198959985911471,0.6887896291882308
b000bcdrdo,http://www.google.com/base/feeds/snippets/9984474904568818121,0.6887503060614696
b0007yll20,http://www.google.com/base/feeds/snippets/18431066094306345892,0.6875806454149637
b000i8od3y,http://www.google.com/base/feeds/snippets/17038026438777687998,0.6872711828890673
b000gpsz42,http://www.google.com/base/feeds/snippets/17546591632033422235,0.6866152652984142
b00004ochi,http://www.google.com/base/feeds/snippets/2954833753751672874,0.6863461257440744
b000ogsyk8,http://www.google.com/base/feeds/snippets/2253075076541338967,0.6862833347888546
b000hzrlim,http://www.google.com/base/feeds/snippets/6645838516644564026,0.6858818894206947
b000hbxjuk,http://www.google.com/base/feeds/snippets/15555806239483804720,0.6856671842840173
b00005op44,http://www.google.com/base/feeds/snippets/18381906790026125106,0.6844440340033465
b000j588g4,http://www.google.com/base/feeds/snippets/17075147063915025994,0.6843092538565517
b000ar96bm,http://www.google.com/base/feeds/snippets/16873990150005697074,0.6837649685349243
b000o8g7z0,http://www.google.com/base/feeds/snippets/18308374908816476565,0.6834946461490888
b000ml8d5q,http://www.google.com/base/feeds/snippets/18003213870869015246,0.6831608073077576
b000hhvb2w,http://www.google.com/base/feeds/snippets/17476622898499473532,0.6826407667258205
b000b0gzu8,http://www.google.com/base/feeds/snippets/14443748429238960679,0.6823859935136061
b000in8mj0,http://www.google.com/base/feeds/snippets/17707372056830171464,0.6823180987835774
b00065hjvc,http://www.google.com/base/feeds/snippets/17535862274044952617,0.6818879235380415
b000lptgc2,http://www.google.com/base/feeds/snippets/17624778694912125664,0.6810528213200006
b0000vmim2,http://www.google.com/base/feeds/snippets/15283790763832398825,0.6805452502130936
b0002fgfiy,http://www.google.com/base/feeds/snippets/16668702350993735780,0.6802180735255764
b000byruai,http://www.google.com/base/feeds/snippets/10307558685940721323,0.6798029274671289
b000jjrwas,http://www.google.com/base/feeds/snippets/18400264612493053038,0.679751276539074
b0007lw22g,http://www.google.com/base/feeds/snippets/6723971893365194031,0.6789156414946693
b0009xb12o,http://www.google.com/base/feeds/snippets/18396354299258717606,0.678051901353943
b0001wn1a8,http://www.google.com/base/feeds/snippets/8324654787720267662,0.6775061630170572
b000jx84va,http://www.google.com/base/feeds/snippets/17836395815164917371,0.6767294382070475
b000saufbg,http://www.google.com/base/feeds/snippets/18225778049143407208,0.6765572783126552
b000hbys96,http://www.google.com/base/feeds/snippets/13414577819598574764,0.6764336532486096
b000ivkrvs,http://www.google.com/base/feeds/snippets/747800619686534084,0.6761258750653363
b000iw5kv4,http://www.google.com/base/feeds/snippets/1329140581762289700,0.6758690230623304
b000o27qfq,http://www.google.com/base/feeds/snippets/3621810113236094380,0.6758359700378879
b000om8fba,http://www.google.com/base/feeds/snippets/10686405526722482213,0.6757941043278186
b000io799i,http://www.google.com/base/feeds/snippets/18226456193742595288,0.6756905237982932
b000k2nktg,http://www.google.com/base/feeds/snippets/415173687627513981,0.6750683406568506
b000787g6q,http://www.google.com/base/feeds/snippets/14035761522429892531,0.6749956652807989
b000cabe4y,http://www.google.com/base/feeds/snippets/2462325488620129357,0.6749420291563835
b0009tqb3w,http://www.google.com/base/feeds/snippets/6112085133304289995,0.6741872527917545
b000nlwxii,http://www.google.com/base/feeds/snippets/18046511712294457433,0.6736983429206819
b000g0lieq,http://www.google.com/base/feeds/snippets/10542539041826323398,0.6717076412522303
b000a7mfn8,http://www.google.com/base/feeds/snippets/18387170188665857199,0.6714266421394042
b0001wn0ky,http://www.google.com/base/feeds/snippets/16942168582476586182,0.6713089789529061
b000o3bgh4,http://www.google.com/base/feeds/snippets/10485959836486886358,0.671070357827867
b000ri161w,http://www.google.com/base/feeds/snippets/4601529828088226069,0.6706833788348112
b000100eg4,http://www.google.com/base/feeds/snippets/18384385996318614203,0.670464664675234
b000jx5jnq,http://www.google.com/base/feeds/snippets/17303242525950545639,0.6701603550646488
b000v7v2uo,http://www.google.com/base/feeds/snippets/17221922176779319047,0.6701167092622179
b0006b4zr2,http://www.google.com/base/feeds/snippets/18387344743770716829,0.6700539509856456
b000068nno,http://www.google.com/base/feeds/snippets/12850919608164407125,0.6693117080137174
b000g7wses,http://www.google.com/base/feeds/snippets/18073883319223617218,0.6690973189300878
b000g80lqo,http://www.google.com/base/feeds/snippets/18441188461196475272,0.6684946043897437
b0006b63rw,http://www.google.com/base/feeds/snippets/12911813140487249020,0.6684558748251345
b000b3z2zo,http://www.google.com/base/feeds/snippets/5286999908576362211,0.6675533740846783
b000a0s3x6,http://www.google.com/base/feeds/snippets/16019355033889363381,0.6671671569217451
b000e3c6c8,http://www.google.com/base/feeds/snippets/17693391962532243349,0.6669301722898864
b000i84dum,http://www.google.com/base/feeds/snippets/17544872940647061920,0.6666743508246621
b0009y6f0g,http://www.google.com/base/feeds/snippets/13392915442415544255,0.6663939721709196
b000i8thy4,http://www.google.com/base/feeds/snippets/17810980474859468457,0.6659436125663972
b000b63xha,http://www.google.com/base/feeds/snippets/14798220155665223365,0.6654366886607673
b0009eu0ca,http://www.google.com/base/feeds/snippets/534612205120966482,0.6651708949939469
b000iek7kg,http://www.google.com/base/feeds/snippets/16351355486478883410,0.6651503054926431
b000ozibhk,http://www.google.com/base/feeds/snippets/18418631443367666576,0.6650276950728503
b0009suw5q,http://www.google.com/base/feeds/snippets/14294089340288176542,0.6644923647267156
b000h69szu,http://www.google.com/base/feeds/snippets/15544999546747963941,0.6639309201004285
b000a2zlam,http://www.google.com/base/feeds/snippets/1904648546294590301,0.6637507451413627
b0006se5bq,http://www.google.com/base/feeds/snippets/18428750969726461849,0.6630302288740163
b0008g2bvm,http://www.google.com/base/feeds/snippets/18275035621919457369,0.6629234346213136
b000ph8xs4,http://www.google.com/base/feeds/snippets/8417237654939994137,0.6625431321368912
b0002dlrru,http://www.google.com/base/feeds/snippets/18363181454550367129,0.6623424150403979
b000gcd6lw,http://www.google.com/base/feeds/snippets/18413484739795948632,0.6614070044366511
b000jx1kma,http://www.google.com/base/feeds/snippets/18356272944058818376,0.661398645305664
b00002sam7,http://www.google.com/base/feeds/snippets/9299240234809634610,0.6612222797283498
b000o3bj3k,http://www.google.com/base/feeds/snippets/12942134175594025487,0.6603689423056688
b000exs488,http://www.google.com/base/feeds/snippets/11143055459495586546,0.6592546582404573
b0002c3vqq,http://www.google.com/base/feeds/snippets/18371416588940021581,0.658739409079993
b00022ptt8,http://www.google.com/base/feeds/snippets/10568264795540984053,0.6585978890421402
b000hhzie4,http://www.google.com/base/feeds/snippets/11038012533329162078,0.6578775821453106
b0002yitti,http://www.google.com/base/feeds/snippets/12754079477023421089,0.6575058007388164
b00006sijr,http://www.google.com/base/feeds/snippets/13589207002001810856,0.6573569162374922
b00002sac9,http://www.google.com/base/feeds/snippets/8401993747038150345,0.6572041732068463
b000io79mu,http://www.google.com/base/feeds/snippets/17943553623332924825,0.6567854416536525
b0009dwkwo,http://www.google.com/base/feeds/snippets/15744420000863688597,0.6558565845051123
b000gb1xfo,http://www.google.com/base/feeds/snippets/5068947095089747483,0.6547029772971318
b000lv6pyi,http://www.google.com/base/feeds/snippets/18367889369421729693,0.6544824068723321
b000922deu,http://www.google.com/base/feeds/snippets/17512159947329144136,0.653755069049446
b00076ywj2,http://www.google.com/base/feeds/snippets/12002408855288739955,0.6528963014128647
b000o3d9ce,http://www.google.com/base/feeds/snippets/14007918865629410175,0.6527259858050586
b000rwdd9q,http://www.google.com/base/feeds/snippets/13813465547037122851,0.6522780391313643
b000saufpw,http://www.google.com/base/feeds/snippets/10073523251870401694,0.6521237659029063
b000311y4w,http://www.google.com/base/feeds/snippets/13263543491904359774,0.6518697027127183
b000ndibge,http://www.google.com/base/feeds/snippets/15289985273321283103,0.6518674425544755
b000g0oom4,http://www.google.com/base/feeds/snippets/6320757184409585395,0.651856508407772
b000s8jxpc,http://www.google.com/base/feeds/snippets/18415890873747923115,0.6517772325105604
b0001iqnc0,http://www.google.com/base/feeds/snippets/18240279639195527181,0.651618227320097
b00083czbg,http://www.google.com/base/feeds/snippets/9639880206667208005,0.6509150161264459
b0002cu1nw,http://www.google.com/base/feeds/snippets/13725607155690879229,0.6508256079056257
b000e3e2km,http://www.google.com/base/feeds/snippets/17330505621209587005,0.6507834078687841
b000hi1i9c,http://www.google.com/base/feeds/snippets/13499930330802525158,0.650605307874883
b000hlp5wa,http://www.google.com/base/feeds/snippets/8519495523069900652,0.6501121565826138
b000f7ixx4,http://www.google.com/base/feeds/snippets/18416260775952371893,0.6500317121626665
b000ra3l3g,http://www.google.com/base/feeds/snippets/6628446350064818078,0.6498239746717189
b000v7y5j4,http://www.google.com/base/feeds/snippets/17269511268099992892,0.649690601606123
b000qxd2tm,http://www.google.com/base/feeds/snippets/17972160650826336548,0.6493559906689074
b0001g6u98,http://www.google.com/base/feeds/snippets/7096777439591011451,0.6491874548949865
b000pdnhno,http://www.google.com/base/feeds/snippets/14918356353168654855,0.6480104394266456
b000fngzs8,http://www.google.com/base/feeds/snippets/3518997692511645502,0.6479615521222449
b000gaywoe,http://www.google.com/base/feeds/snippets/1263381651905806931,0.6478619644471331
b000skvy20,http://www.google.com/base/feeds/snippets/11359745283620291559,0.6476249698981703
b000e28ut2,http://www.google.com/base/feeds/snippets/17072957672946519930,0.6471211650288817
b000ov0gao,http://www.google.com/base/feeds/snippets/18371601730045221642,0.6467830143060774
b0000azvvs,http://www.google.com/base/feeds/snippets/5310740648374994867,0.6464385177248988
b000olsreg,http://www.google.com/base/feeds/snippets/17966566453322835928,0.6461440910032059
b000300guq,http://www.google.com/base/feeds/snippets/12945777518853966660,0.6459955212841068
b000gb0m7y,http://www.google.com/base/feeds/snippets/15318442980556593434,0.6452252261961323
b000fer1d0,http://www.google.com/base/feeds/snippets/2328950736697317790,0.6443445636294491
b000fqvxge,http://www.google.com/base/feeds/snippets/13566075717731610336,0.6439465827196886
b000hl1eie,http://www.google.com/base/feeds/snippets/10217306837122444015,0.6430941948825085
b0002nt34o,http://www.google.com/base/feeds/snippets/13442788600745771907,0.6426850854388516
b000bknncq,http://www.google.com/base/feeds/snippets/16647647854444612501,0.6424118830252625
b000hpf7p6,http://www.google.com/base/feeds/snippets/1781031509566531842,0.6423834304226838
b00009k780,http://www.google.com/base/feeds/snippets/17261970023689791051,0.642224497305925
b000hhvb9k,http://www.google.com/base/feeds/snippets/3274305083856247424,0.6416960990063507
b0009yn1ks,http://www.google.com/base/feeds/snippets/17450858518393943272,0.6414786016078546
b000fjsa2g,http://www.google.com/base/feeds/snippets/5364807314885028760,0.6411199647888338
b0007d8eq2,http://www.google.com/base/feeds/snippets/18445465727364031756,0.6407328015780913
b000hbxjve,http://www.google.com/base/feeds/snippets/17956249157120493393,0.6404826258959568
b000fj16ou,http://www.google.com/base/feeds/snippets/17192736847409473684,0.640342870506529
b000162zq0,http://www.google.com/base/feeds/snippets/18424247759201075212,0.6389100118547675
b000cfx744,http://www.google.com/base/feeds/snippets/10662427062723563235,0.63881510916926
b000nkklwy,http://www.google.com/base/feeds/snippets/18277858650749573891,0.6379143861836674
b000hlt5j4,http://www.google.com/base/feeds/snippets/13069789036423858575,0.6379114567828573
b0009afff6,http://www.google.com/base/feeds/snippets/9757350103424139605,0.6374727439016641
b000g6gn2m,http://www.google.com/base/feeds/snippets/4436087621332035022,0.6367044607719409
b00009v3nw,http://www.google.com/base/feeds/snippets/16452108546715101414,0.6361578325250696
b000bgpqr0,http://www.google.com/base/feeds/snippets/17962667015870936885,0.6361431783287579
b000e8jlbw,http://www.google.com/base/feeds/snippets/3597076779822744306,0.6357635972369267
b000h27psq,http://www.google.com/base/feeds/snippets/13799844440134110129,0.6356483535831772
b000feygds,http://www.google.com/base/feeds/snippets/437358952274487020,0.6348049346844641
b000feyg7o,http://www.google.com/base/feeds/snippets/15564784742978828373,0.6344789013463487
b000a7q6n8,http://www.google.com/base/feeds/snippets/13561687450780175373,0.6334409691495168
b000rw9md2,http://www.google.com/base/feeds/snippets/17820910954802049244,0.6333934654502915
b000bcicwa,http://www.google.com/base/feeds/snippets/12825336441689158397,0.6330316636014136
b000ra5bmk,http://www.google.com/base/feeds/snippets/16408354394834145576,0.633022944840596
b000hj9r3u,http://www.google.com/base/feeds/snippets/18422892267475594445,0.6327877894917452
b000exs47y,http://www.google.com/base/feeds/snippets/13479220891875857477,0.6324928925173793
b000088ner,http://www.google.com/base/feeds/snippets/4776201646741876078,0.6322926339102498
b000fico2o,http://www.google.com/base/feeds/snippets/13644676745896457077,0.6321021902083342
b000k6b2l0,http://www.google.com/base/feeds/snippets/17834804262117799503,0.6321000511500108
b000bs5icq,http://www.google.com/base/feeds/snippets/4295762370065792405,0.6313255076673108
b000in6trc,http://www.google.com/base/feeds/snippets/5571864419424285346,0.6312104729550656
b000cpshia,http://www.google.com/base/feeds/snippets/14493833507639383996,0.6308453971347422
b0001xnkoy,http://www.google.com/base/feeds/snippets/12656847251589121665,0.6307830282495144
b00008mops,http://www.google.com/base/feeds/snippets/18376018159667249940,0.6305805825975717
b000bawkpm,http://www.google.com/base/feeds/snippets/13334741327257129475,0.6303819792512797
b0000cc75j,http://www.google.com/base/feeds/snippets/12875383768036370563,0.6301481894850712
b000az841m,http://www.google.com/base/feeds/snippets/13613941901270543827,0.6298604419491114
b000300hhi,http://www.google.com/base/feeds/snippets/13198059612829852990,0.6295306795603319
b000brgbpa,http://www.google.com/base/feeds/snippets/13536386431084971336,0.6282421855809674
b0007iqg2q,http://www.google.com/base/feeds/snippets/18383108968754488314,0.6275980365704524
b000itvtqm,http://www.google.com/base/feeds/snippets/3539622760913695235,0.6275070719932575
b000ayznhg,http://www.google.com/base/feeds/snippets/12914622085255786621,0.6260452406289214
b000jx1on0,http://www.google.com/base/feeds/snippets/13368045031336320583,0.6257593150745994
b000bgj09k,http://www.google.com/base/feeds/snippets/13062769020372950507,0.6257181159293077
b000k6crb4,http://www.google.com/base/feeds/snippets/14783944613059032198,0.6252889084443595
b0007zf3ge,http://www.google.com/base/feeds/snippets/10244573068939530333,0.6249858706176303
b0002w37x8,http://www.google.com/base/feeds/snippets/18444171148464728826,0.6249051657073446
b0001g6q2e,http://www.google.com/base/feeds/snippets/6607475390801476875,0.6248636409156842
b000exw510,http://www.google.com/base/feeds/snippets/9551528510942983552,0.6244279155649639
b000aqvrry,http://www.google.com/base/feeds/snippets/16846135635145492175,0.6232836122509748
b0006b6b1a,http://www.google.com/base/feeds/snippets/18378422702839985200,0.6230512765121565
b000hpjgw6,http://www.google.com/base/feeds/snippets/4250686295132810758,0.6225943033497007
b0002j6i2s,http://www.google.com/base/feeds/snippets/11142346570518392535,0.6220848970068669
b000bwbu6u,http://www.google.com/base/feeds/snippets/9246547342017279002,0.6215623538425912
b000ndibl4,http://www.google.com/base/feeds/snippets/4247841323668156699,0.6214630414510772
b00022ptru,http://www.google.com/base/feeds/snippets/8761785470712681109,0.6213604675308794
b0009vau14,http://www.google.com/base/feeds/snippets/9899533968814505006,0.6213218715760813
b000o3efrm,http://www.google.com/base/feeds/snippets/4233168214815079628,0.620996776457142
b0002iwyke,http://www.google.com/base/feeds/snippets/10827782844634609439,0.6208005475743674
b000bx5ggy,http://www.google.com/base/feeds/snippets/8317633865991250636,0.6206564525605978
b000aqadlu,http://www.google.com/base/feeds/snippets/12981440114213931499,0.6199788699632577
b000iaolaw,http://www.google.com/base/feeds/snippets/2919031939469503608,0.6195885386941363
b000exq2cs,http://www.google.com/base/feeds/snippets/9463842250533836611,0.6193345015834223
b0000dzfvd,http://www.google.com/base/feeds/snippets/53664055052324568,0.6179874749051448
b0000vyk1o,http://www.google.com/base/feeds/snippets/17409160117322953940,0.6174508897740667
b000rlnqcq,http://www.google.com/base/feeds/snippets/17395564824016755724,0.615926283767948
b000hlt5g2,http://www.google.com/base/feeds/snippets/9852496278444342781,0.6148485138987392
b00002s755,http://www.google.com/base/feeds/snippets/1946192615586358516,0.6143663876282699
b0001gu7g0,http://www.google.com/base/feeds/snippets/13358892717573509768,0.6143565972818976
b000szyqam,http://www.google.com/base/feeds/snippets/18111145490199629534,0.6141486316750585
b000mti8mq,http://www.google.com/base/feeds/snippets/5408845339376590167,0.6139440779022827
b000jx5shs,http://www.google.com/base/feeds/snippets/17578507241939502542,0.6132166821736373
b000bndgzw,http://www.google.com/base/feeds/snippets/6327594211039677778,0.6128739737303887
b000192rq0,http://www.google.com/base/feeds/snippets/13106173681796275626,0.6128405393266233
b000ndic40,http://www.google.com/base/feeds/snippets/12849989016048985158,0.6121413951176723
b000h5ex7e,http://www.google.com/base/feeds/snippets/13676550626962262162,0.6120684837420308
b0009i5px0,http://www.google.com/base/feeds/snippets/13636480146796984957,0.6112196430978252
b000ub66ha,http://www.google.com/base/feeds/snippets/18341451742874553099,0.6107684357819916
b000cs3sh2,http://www.google.com/base/feeds/snippets/13218397055165778921,0.6107007294919291
b0002i6l7g,http://www.google.com/base/feeds/snippets/3887119395489365873,0.6106975357900415
b0001fyrqc,http://www.google.com/base/feeds/snippets/16246834342456901109,0.6094598279399404
b000mgo5bw,http://www.google.com/base/feeds/snippets/9250111493808447085,0.6091524619562316
b000067fdw,http://www.google.com/base/feeds/snippets/11095209417717978147,0.6090903808005903
b000r1cs5w,http://www.google.com/base/feeds/snippets/17872821788401002421,0.6085876477877565
b0000afwwl,http://www.google.com/base/feeds/snippets/13039474391309731778,0.6084042796175395
b0001nm7zm,http://www.google.com/base/feeds/snippets/8829327324895223617,0.608123520194311
b000exw524,http://www.google.com/base/feeds/snippets/1936516034668822172,0.6079025616668495
b000hkgj8k,http://www.google.com/base/feeds/snippets/18417354130985846422,0.6078071402967681
b000k2pa3a,http://www.google.com/base/feeds/snippets/11972925909028080525,0.6077042439079838
b000ndibtg,http://www.google.com/base/feeds/snippets/18406867413031084183,0.6075793277410422
b000mvp5i4,http://www.google.com/base/feeds/snippets/11404109022171531561,0.607578944901872
b000gkli0a,http://www.google.com/base/feeds/snippets/16555691540653957564,0.6070097427216334
b000v809mk,http://www.google.com/base/feeds/snippets/13441425150917109811,0.6069087610602373
b000gv8u32,http://www.google.com/base/feeds/snippets/18395632346791388859,0.6067552680208581
b000gzy7oo,http://www.google.com/base/feeds/snippets/18207838499884290592,0.6061099899865845
b00004s4xy,http://www.google.com/base/feeds/snippets/13157892297025795204,0.60595443229758
b000hlp5yi,http://www.google.com/base/feeds/snippets/9785861434635986999,0.605336505802388
b0001ym04e,http://www.google.com/base/feeds/snippets/14982952588732100452,0.6051965006308702
b0000c6eol,http://www.google.com/base/feeds/snippets/10445277524546945239,0.6050901573300764
b000h241x8,http://www.google.com/base/feeds/snippets/13278655414642608462,0.6047309395630748
b000hctyte,http://www.google.com/base/feeds/snippets/13399396048159712133,0.604194248605767
b000jiqlxi,http://www.google.com/base/feeds/snippets/18151952927255406461,0.6040950686459102
b000h16p9m,http://www.google.com/base/feeds/snippets/3846293022585027470,0.6039922691784364
b00066dd5m,http://www.google.com/base/feeds/snippets/949436197920820923,0.603610477322789
b000egwc42,http://www.google.com/base/feeds/snippets/18427221955987040627,0.6032813708133072
b0000aka82,http://www.google.com/base/feeds/snippets/15883771067913561390,0.6026349250070406
b000j5lgg8,http://www.google.com/base/feeds/snippets/18004448735840625942,0.602548409583509
b000szzpi4,http://www.google.com/base/feeds/snippets/17326098494894452732,0.6024684949727546
b000hcv1ky,http://www.google.com/base/feeds/snippets/16905793691117512235,0.6023484401533465
b000s604de,http://www.google.com/base/feeds/snippets/18240281005302874979,0.6012933324458816
b00024wjrq,http://www.google.com/base/feeds/snippets/16744224390148606478,0.601288213795505
b000i84dts,http://www.google.com/base/feeds/snippets/18373254644070862441,0.6012694011532325
b0000899lt,http://www.google.com/base/feeds/snippets/16676630267570211401,0.5999407146677332
b00019jgwi,http://www.google.com/base/feeds/snippets/407742822135371560,0.5992462977527004
b000cszg2m,http://www.google.com/base/feeds/snippets/5032391174084349054,0.5982197199876479
b000h1df7w,http://www.google.com/base/feeds/snippets/18436702590661313778,0.5975835674847504
b000b7pkio,http://www.google.com/base/feeds/snippets/12816149743245507053,0.5972953915244213
b0009gd0km,http://www.google.com/base/feeds/snippets/17374298119474236406,0.5969340623182818
b000b6n2o4,http://www.google.com/base/feeds/snippets/13523201367240249515,0.5966932400080271
b00004s61f,http://www.google.com/base/feeds/snippets/12904888425689688966,0.596601884205416
b000hkim7q,http://www.google.com/base/feeds/snippets/17555720475076621347,0.5965519728563808
b0002vjvxy,http://www.google.com/base/feeds/snippets/15893880004435051441,0.5965332317490146
b000o39qoo,http://www.google.com/base/feeds/snippets/2051098578030482296,0.5958751513313543
b000phd8ha,http://www.google.com/base/feeds/snippets/7446817695346465267,0.5957444738091101
b000hlt55i,http://www.google.com/base/feeds/snippets/17411408037622367354,0.5955828482018407
b000kmcf0g,http://www.google.com/base/feeds/snippets/18420491833696681736,0.5950116628932391
b000h241zg,http://www.google.com/base/feeds/snippets/18399328874850787866,0.5942843086929825
b00006h3dw,http://www.google.com/base/feeds/snippets/17252201200051627446,0.5942247134910058
b000v7rij8,http://www.google.com/base/feeds/snippets/16778737466501327415,0.5935921200962847
b000ndibkk,http://www.google.com/base/feeds/snippets/5521627113113350450,0.5930237831818886
b000m9c70k,http://www.google.com/base/feeds/snippets/18227817484834707150,0.5928720571540608
b000u1w4us,http://www.google.com/base/feeds/snippets/17155028207234161100,0.5927016654287683
b00002s75b,http://www.google.com/base/feeds/snippets/18029245320668853953,0.5920050858062823
b000b57k4s,http://www.google.com/base/feeds/snippets/8755851873127965303,0.5917426166395988
b000h24200,http://www.google.com/base/feeds/snippets/4675262861576384624,0.5916067011352993
b000crx79w,http://www.google.com/base/feeds/snippets/10254889100768183729,0.5915024281475221
b0001av65w,http://www.google.com/base/feeds/snippets/18312853825749428303,0.5906790829310828
b000h16pag,http://www.google.com/base/feeds/snippets/3192985906364439341,0.5899641206284767
b000bcgfe2,http://www.google.com/base/feeds/snippets/18386275313356170584,0.5892928936972847
b000bl40dg,http://www.google.com/base/feeds/snippets/10381298233088883938,0.5891901544043392
b000i3ec9y,http://www.google.com/base/feeds/snippets/11588558025852481002,0.588739195469465
b00026s6da,http://www.google.com/base/feeds/snippets/12216605141298200524,0.5886993056444622
b0000ycfdq,http://www.google.com/base/feeds/snippets/4188176128903497851,0.5886503999011163
b000f613x2,http://www.google.com/base/feeds/snippets/18428018889032699615,0.5885408851468917
b000bu7u48,http://www.google.com/base/feeds/snippets/16694806128312036500,0.587517944366178
b000oziaz8,http://www.google.com/base/feeds/snippets/15207825953028155236,0.5869575533891569
b000i8od5w,http://www.google.com/base/feeds/snippets/17161266540849321449,0.586791643697229
b0002jtvng,http://www.google.com/base/feeds/snippets/5572182459728876600,0.5866964786806593
b00004ochj,http://www.google.com/base/feeds/snippets/5722368875390495429,0.5862718754735449
b000pihtbk,http://www.google.com/base/feeds/snippets/9522193715675586199,0.5857404365091569
b000bwa1jw,http://www.google.com/base/feeds/snippets/9029108187932664886,0.585369624729325
b0009dxjuq,http://www.google.com/base/feeds/snippets/16790631679419428442,0.5847702680664745
b00021xhzw,http://www.google.com/base/feeds/snippets/16064170791328826375,0.5841847493040875
b000e8jlai,http://www.google.com/base/feeds/snippets/8918859484248831701,0.5838789026105072
b000aoz7hw,http://www.google.com/base/feeds/snippets/10563522754094993865,0.5837478533548919
b000b5srju,http://www.google.com/base/feeds/snippets/16872612252422367466,0.5826537638936031
b000pg7ha0,http://www.google.com/base/feeds/snippets/16082406061004654736,0.5825611510211046
b000bw7kxw,http://www.google.com/base/feeds/snippets/18392335669009428265,0.582149027980409
b000bckm46,http://www.google.com/base/feeds/snippets/17651580132908652894,0.5821286905275914
b0000cdvuh,http://www.google.com/base/feeds/snippets/17695920349455995837,0.581640538787626
b000f7ev1w,http://www.google.com/base/feeds/snippets/13086087912501926764,0.580783015874609
b00006ijx1,http://www.google.com/base/feeds/snippets/549551716004314019,0.5806808789695967
b000k2t0ou,http://www.google.com/base/feeds/snippets/13916432686331461255,0.5801163877259236
b0007zgxy0,http://www.google.com/base/feeds/snippets/13589609251216592510,0.5798612207081473
b000ra20uq,http://www.google.com/base/feeds/snippets/594191839879876004,0.5796197224345757
b000gcbov6,http://www.google.com/base/feeds/snippets/779838933309218814,0.5796054691276147
b0002uhuii,http://www.google.com/base/feeds/snippets/5487359335167368126,0.5795114037079117
b0000ak7c5,http://www.google.com/base/feeds/snippets/18424334149556003404,0.5787890680207567
b000hlp5do,http://www.google.com/base/feeds/snippets/18404168006486239466,0.5787089468431862
b000rsk7k8,http://www.google.com/base/feeds/snippets/17663334954312320904,0.5786865314158139
b0001na35s,http://www.google.com/base/feeds/snippets/12803990753739124569,0.5786554748344791
b000nknb8k,http://www.google.com/base/feeds/snippets/17333018247606173982,0.5776717473737709
b000q71qqy,http://www.google.com/base/feeds/snippets/17293813878683470763,0.5775425979601996
b000cqpc32,http://www.google.com/base/feeds/snippets/18416225624614818879,0.5771536258543172
b00032q1hq,http://www.google.com/base/feeds/snippets/13733608404772273482,0.5766019124736309
b0007q7mg2,http://www.google.com/base/feeds/snippets/13558726664717453661,0.5763801717555919
b0006oei8u,http://www.google.com/base/feeds/snippets/18409822956112890125,0.5759637706536889
b00007eegy,http://www.google.com/base/feeds/snippets/3997486488729671932,0.575767829190507
b000ozia62,http://www.google.com/base/feeds/snippets/648205874217332044,0.5756784095164778
b000ehpzxq,http://www.google.com/base/feeds/snippets/18381050378194058330,0.5753008307095568
b000ik414i,http://www.google.com/base/feeds/snippets/16073556725854260285,0.5752305456765057
b000hcxklw,http://www.google.com/base/feeds/snippets/18403502608691244809,0.5746973962194111
b000m5ailo,http://www.google.com/base/feeds/snippets/12963757372418515896,0.5742413319352462
b00004tkvy,http://www.google.com/base/feeds/snippets/18441110047404795849,0.5741726302093468
b000edgo2q,http://www.google.com/base/feeds/snippets/7147648211015076337,0.5740615731421939
b000egidpe,http://www.google.com/base/feeds/snippets/4998847858583359731,0.5734317066322895
b000ivfciq,http://www.google.com/base/feeds/snippets/12151689484559213261,0.5727037031556816
b000bgpqos,http://www.google.com/base/feeds/snippets/11029185598470444071,0.5721814827104821
b0002ip4lu,http://www.google.com/base/feeds/snippets/16739935323659993586,0.5712977883297614
b0009y6ewu,http://www.google.com/base/feeds/snippets/12768847283587745008,0.5711714420449944
b000gihfyu,http://www.google.com/base/feeds/snippets/9859735236279839568,0.5709524399834922
b000a3x6te,http://www.google.com/base/feeds/snippets/16407653863068941558,0.5709214370968791
b00020633g,http://www.google.com/base/feeds/snippets/5720091777255380975,0.570516065711649
b000h22rbg,http://www.google.com/base/feeds/snippets/16984973005966322912,0.5701159237941096
b000ldqs9s,http://www.google.com/base/feeds/snippets/17666397403215916975,0.5700959093306158
b000iz8vqw,http://www.google.com/base/feeds/snippets/3000347833164648276,0.5694050535243464
b000hhxevi,http://www.google.com/base/feeds/snippets/7349023854495904300,0.5693644821391703
b0009suw4w,http://www.google.com/base/feeds/snippets/18425416409544307946,0.5688087309236554
b000pu7422,http://www.google.com/base/feeds/snippets/9985030341591149569,0.5680731469716811
b000ub6avc,http://www.google.com/base/feeds/snippets/7795796130761039507,0.5674512401672813
b000fiej4k,http://www.google.com/base/feeds/snippets/13970926731293955146,0.5673318677034371
b000bb7fjw,http://www.google.com/base/feeds/snippets/17614065814468597783,0.5664690318424219
b000gcj6mk,http://www.google.com/base/feeds/snippets/13764248919283244886,0.5655017190031049
b000hbvvg4,http://www.google.com/base/feeds/snippets/9655190978391337484,0.5637669222067763
b000exw51k,http://www.google.com/base/feeds/snippets/17943895287006074116,0.5637069554954726
b000fncu3m,http://www.google.com/base/feeds/snippets/13472653188599800123,0.5633905217265793
b000ehs6h8,http://www.google.com/base/feeds/snippets/14693413290856659257,0.5618829126656367
b0009yn1rq,http://www.google.com/base/feeds/snippets/8664755713112971171,0.5618630821404298
b000fqvxfk,http://www.google.com/base/feeds/snippets/12827595574130654877,0.5615214890956617
b000cpshfs,http://www.google.com/base/feeds/snippets/18422327928504968692,0.5615036969045959
b00008avaa,http://www.google.com/base/feeds/snippets/13660085133260357894,0.5614430755836438
b0009stm6g,http://www.google.com/base/feeds/snippets/7117788517647646539,0.560707426057472
b000mgvnks,http://www.google.com/base/feeds/snippets/10851688356333529622,0.5606431984001709
b000qv5xqy,http://www.google.com/base/feeds/snippets/18391914133104937904,0.5605115021396259
b000bt559q,http://www.google.com/base/feeds/snippets/13303291667441511870,0.5599503225326432
b0001ipy66,http://www.google.com/base/feeds/snippets/17321125761149481127,0.5598614345476955
b0009jearq,http://www.google.com/base/feeds/snippets/17196507061828599304,0.559122520189475
b00008ava7,http://www.google.com/base/feeds/snippets/13178130288795462545,0.558027994202657
b000qfqa1w,http://www.google.com/base/feeds/snippets/3987571280945693014,0.5574030444945757
b0006a5iwe,http://www.google.com/base/feeds/snippets/2275328841264109872,0.5571225057306433
b000edvrtq,http://www.google.com/base/feeds/snippets/14326164391298371952,0.556331634600053
b0000c6fjm,http://www.google.com/base/feeds/snippets/15900908228724186506,0.5550107817743701
b0009x6qew,http://www.google.com/base/feeds/snippets/18305953820307083661,0.5549489972316307
b0002vcuzk,http://www.google.com/base/feeds/snippets/14443906686010295390,0.5547004003642398
b000fbju6e,http://www.google.com/base/feeds/snippets/17104623549372310375,0.5542154914432152
b000fabege,http://www.google.com/base/feeds/snippets/17453864721509833307,0.5538610286455063
b000fbgate,http://www.google.com/base/feeds/snippets/13380511354426794545,0.5527771472419936
b000i84dsy,http://www.google.com/base/feeds/snippets/18400163697429940544,0.5527406258796164
b0002719lk,http://www.google.com/base/feeds/snippets/16095449252075583329,0.5524872135125503
b000pdomn8,http://www.google.com/base/feeds/snippets/7403657268074522339,0.5508578771659753
b000hbvvka,http://www.google.com/base/feeds/snippets/16204332067880971285,0.5507618114823739
b000mgo1r0,http://www.google.com/base/feeds/snippets/10555450463385817719,0.5507398581252221
b000dz9yoa,http://www.google.com/base/feeds/snippets/5216541735240789992,0.5505227256710968
b0000990xn,http://www.google.com/base/feeds/snippets/11841788208478190142,0.5502772282493059
b0002735fi,http://www.google.com/base/feeds/snippets/18409154395025279191,0.54982916364015
b000coxs30,http://www.google.com/base/feeds/snippets/18397190495511936667,0.5490955576330363
b000hlp5w0,http://www.google.com/base/feeds/snippets/15030217405491356248,0.5484868357239409
b000barbaq,http://www.google.com/base/feeds/snippets/124870490385972224,0.5480526624013831
b000fzz730,http://www.google.com/base/feeds/snippets/10105070429318394420,0.5480058377127487
b000jf5zec,http://www.google.com/base/feeds/snippets/16738828984601610049,0.5472635034925051
b000fk8b42,http://www.google.com/base/feeds/snippets/15253105067631588667,0.5463334899049875
b00022pti4,http://www.google.com/base/feeds/snippets/7739419455751524618,0.546255040702945
b000nwsclo,http://www.google.com/base/feeds/snippets/4835538995422992772,0.5460806521911318
b000gamw7s,http://www.google.com/base/feeds/snippets/5520835678868977029,0.5457304821373966
b000l1phg0,http://www.google.com/base/feeds/snippets/18394332776181186072,0.5455780094078667
b000hhvbdq,http://www.google.com/base/feeds/snippets/9685850187894108398,0.5450471380958024
b000ej9w0g,http://www.google.com/base/feeds/snippets/528675562457283213,0.5445728888786393
b000bnjmnc,http://www.google.com/base/feeds/snippets/2723560865541859631,0.5441766599154028
b000na1v8w,http://www.google.com/base/feeds/snippets/12662824890153121005,0.5438310515088465
b000kehnvu,http://www.google.com/base/feeds/snippets/18418344557320745521,0.5433923648070739
b000b6oboy,http://www.google.com/base/feeds/snippets/6282886480523973402,0.5428687261039056
b000070ilx,http://www.google.com/base/feeds/snippets/13036666023758000710,0.5415115144720742
b000h1de00,http://www.google.com/base/feeds/snippets/12949608877313010923,0.5415020346740669
b000bsf1iw,http://www.google.com/base/feeds/snippets/1366247437960571613,0.5409018395007873
b000bcicr0,http://www.google.com/base/feeds/snippets/17392222800642377551,0.5406068182421172
b000keho1e,http://www.google.com/base/feeds/snippets/13701707796339492971,0.5398515299140743
b000314vvu,http://www.google.com/base/feeds/snippets/18384366678790095384,0.5396982859459687
b000exs456,http://www.google.com/base/feeds/snippets/12931942175551075589,0.5393173089920045
b0002z8a1o,http://www.google.com/base/feeds/snippets/18163685181387991761,0.5384617582999875
b000e8jlbc,http://www.google.com/base/feeds/snippets/13594336434682042972,0.537278932049139
b0001h9l5m,http://www.google.com/base/feeds/snippets/15812045656958608251,0.537059680048325
b00007e8d4,http://www.google.com/base/feeds/snippets/16959392076941739015,0.5352868696086831
b000jz4hqo,http://www.google.com/base/feeds/snippets/18441480711193821750,0.5346658932591363
b000ar96bw,http://www.google.com/base/feeds/snippets/12789023770964880472,0.5339458847184674
b0001fyrq2,http://www.google.com/base/feeds/snippets/14188088676549374410,0.5335725799057481
b000ovft92,http://www.google.com/base/feeds/snippets/10720405921949933758,0.5334331622783974
b0006n99k8,http://www.google.com/base/feeds/snippets/13001789792488946718,0.5331764931716318
b0000cc778,http://www.google.com/base/feeds/snippets/13210697801954573785,0.5314806424265577
b00008wiww,http://www.google.com/base/feeds/snippets/2096220602293961985,0.5313647977906842
b000aoz7jk,http://www.google.com/base/feeds/snippets/15423446152280840126,0.5299231917671808
b000059s6t,http://www.google.com/base/feeds/snippets/13650863465591381531,0.5280003749535864
b000e8jlas,http://www.google.com/base/feeds/snippets/1532472446439845707,0.5277598168785291
b000hlr9my,http://www.google.com/base/feeds/snippets/14748965327733683811,0.527357533448984
b0000azk3v,http://www.google.com/base/feeds/snippets/5449819493015414043,0.527068519852628
b000nkpf7u,http://www.google.com/base/feeds/snippets/2442636071527910651,0.5270633538749991
b000099108,http://www.google.com/base/feeds/snippets/18105761375553744131,0.5267987053640336
b0008ews9o,http://www.google.com/base/feeds/snippets/18354430457145981051,0.5257416910052528
b000v05f4k,http://www.google.com/base/feeds/snippets/18304228419567401310,0.5246838382504103
b000i8od4i,http://www.google.com/base/feeds/snippets/17828266310377038415,0.5245421757687918
b0007l9ecw,http://www.google.com/base/feeds/snippets/5363123129666342202,0.5239983777654698
b000afkxso,http://www.google.com/base/feeds/snippets/1611810981921795487,0.5237173336714828
b000in8n30,http://www.google.com/base/feeds/snippets/4377533611520192512,0.5231295760732461
b000bgtvda,http://www.google.com/base/feeds/snippets/18378932841147152966,0.5216812733281502
b000042olp,http://www.google.com/base/feeds/snippets/13235892628881824009,0.5216016653989547
b000bnkbdm,http://www.google.com/base/feeds/snippets/18374143831267894200,0.5215397228002829
b00006h38u,http://www.google.com/base/feeds/snippets/18406000514365649458,0.5207467802574373
b000b6kxfa,http://www.google.com/base/feeds/snippets/8894150903607310427,0.5197927586470643
b000056b63,http://www.google.com/base/feeds/snippets/17180557293748751234,0.519531468402736
b000hjott2,http://www.google.com/base/feeds/snippets/16558385795268912766,0.5188847452751935
b0007lw230,http://www.google.com/base/feeds/snippets/10595032077010116055,0.5177912771866113
b000mmt6s8,http://www.google.com/base/feeds/snippets/17596883596074762243,0.5177700050823777
b000cabe44,http://www.google.com/base/feeds/snippets/13627138174377206631,0.5175924316265879
b000f4ei40,http://www.google.com/base/feeds/snippets/5235601774209920453,0.5155229317265274
b00005birs,http://www.google.com/base/feeds/snippets/9925522969125966033,0.5152479377043347
b000al7fu2,http://www.google.com/base/feeds/snippets/13585307311432803676,0.5148976164391205
b0001bfdau,http://www.google.com/base/feeds/snippets/16537637847870148950,0.5140330445353793
b0009yx9bo,http://www.google.com/base/feeds/snippets/18395787464051623418,0.513976658957811
b000m6wlyk,http://www.google.com/base/feeds/snippets/4108712449976038856,0.5133780350920644
b000098xiy,http://www.google.com/base/feeds/snippets/12991839860010855049,0.5132599574923916
b000ju9nay,http://www.google.com/base/feeds/snippets/13783139861924882499,0.5128510331335374
b000ehq008,http://www.google.com/base/feeds/snippets/1376711894016182528,0.5126904219393178
b00094oszk,http://www.google.com/base/feeds/snippets/17215854618313178923,0.5120700080018225
b000m6xk4k,http://www.google.com/base/feeds/snippets/7516347790713287981,0.5116816557105154
b000e3fn4g,http://www.google.com/base/feeds/snippets/9584209186514584056,0.5111680375271906
b000gh2pa0,http://www.google.com/base/feeds/snippets/18358456393095637568,0.5108085470871392
b00063blg8,http://www.google.com/base/feeds/snippets/18399719239824156071,0.510049691893291
b000fncrto,http://www.google.com/base/feeds/snippets/9167720084838534914,0.5099153075243555
b000h774k0,http://www.google.com/base/feeds/snippets/18419564278412211145,0.5096511304056136
b000fowht8,http://www.google.com/base/feeds/snippets/17133221075889749370,0.5088139376500542
b000hjdpx8,http://www.google.com/base/feeds/snippets/1829125396804686622,0.5087742001829523
b00007bguc,http://www.google.com/base/feeds/snippets/17967569973770560353,0.5085297030608406
b0007sxgn8,http://www.google.com/base/feeds/snippets/13588549604733030954,0.508216500226661
b0001xdysq,http://www.google.com/base/feeds/snippets/10775485982845096156,0.5077520535073718
b000ndid44,http://www.google.com/base/feeds/snippets/1396058941659125307,0.507523835003622
b000v7riie,http://www.google.com/base/feeds/snippets/17523098183862840727,0.5075071064776949
b00013wh0w,http://www.google.com/base/feeds/snippets/10202903815808902868,0.5068485955527684
b000aa8796,http://www.google.com/base/feeds/snippets/13804410937823415271,0.5067983011314761
b000keho0a,http://www.google.com/base/feeds/snippets/13781401845984700542,0.5056149355806467
b000h27puo,http://www.google.com/base/feeds/snippets/747897289202016262,0.5053890335023111
b000hkpfje,http://www.google.com/base/feeds/snippets/17501757616782483517,0.5051707099407607
b000qfrt4o,http://www.google.com/base/feeds/snippets/18097036016943613075,0.5047989709447326
b000bojyc0,http://www.google.com/base/feeds/snippets/13713362866171764392,0.504423512973655
b000bav4ko,http://www.google.com/base/feeds/snippets/12909616660373115284,0.5035757104307514
b000b6oboo,http://www.google.com/base/feeds/snippets/12418972562708861095,0.5029398450802095
b0008glg1i,http://www.google.com/base/feeds/snippets/4621582451171111860,0.5026573755732345
b00004tj14,http://www.google.com/base/feeds/snippets/13212011831648264042,0.5021848961332156
b000jx7g3c,http://www.google.com/base/feeds/snippets/17886724437749928713,0.5020346055621572
b000bd1rty,http://www.google.com/base/feeds/snippets/5155217336879101407,0.5016160473149169
b000bt55a0,http://www.google.com/base/feeds/snippets/13816264129023871640,0.5012728951433175
b000ovnlxs,http://www.google.com/base/feeds/snippets/12398024089660412056,0.5011190829155922
b000205mvk,http://www.google.com/base/feeds/snippets/13808926181344854006,0.5008219856333332
